SMILES,BalabanJ,BertzCT,Chi0,Chi0n,Chi0v,Chi1,Chi1n,Chi1v,Chi2n,Chi2v,EState_VSA2,HeavyAtomCount,Kappa1,Kappa2,Kappa3,LabuteASA,MolLogP,PEOE_VSA14,Predcited_Energy,DFT_Energy
[Bi]=[Se].[Bi]=[Se].[Se],0,6.855,4,2.119,14.213,2,0.365,16.649,0,0,17.069,5,15.753,26.507,18.788,82.013,-1.904,66.905,10.5251,10.42523731
[Cd+2].[Cd+2].[Se-2].[S-2],0,6,0,2.231,12.833,0,0,0,0,0,85.162,4,29.763,17.239,8.828,83.722,-0.388,54.598,8.5089,8.609194214
[Cs+].[Cs+].[Se-2],0,2.755,0,2.408,16.682,0,0,0,0,0,154.856,3,15.645,9.798,6.623,148.574,-6.373,137.788,9.8552,16.08378644
[Th](=[Se])=[Se],3.266,23.774,2.707,1.316,8.852,1.414,0.408,19.558,0.083,20.744,28.379,3,5.364,4.364,4.364,44.363,-0.762,45.695,10.8459,10.81529664
[W](=[Se])=[Se],3.266,23.774,2.707,1.225,7.584,1.414,0.333,14.177,0.068,15.037,13.27,3,4.727,3.727,3.727,38.647,-0.764,38.902,10.1755,10.07538831
[Dy+3].[Dy+3].[Se-2].[Se-2].[Se-2],0,4.855,0,1.857,11.054,0,0,0,0,0,127.553,5,35.5,24.283,17.927,124.206,-1.142,76.347,7.2408,7.216417689
[Ho+3].[Ho+3].[Se-2].[Se-2].[Se-2],0,4.855,0,1.828,10.836,0,0,0,0,0,126.683,5,35.621,24.335,17.945,123.387,-1.142,75.476,7.1202,7.111846144
[SbH6+3].[SbH6+3].[Se-2].[Se-2].[Se-2],0,4.855,0,1.225,6.364,0,0,0,0,0,100.062,5,41.561,27.051,19.023,98.296,-5.116,48.856,4.643,4.542961569
[se]1n2[se]n3[se]n2[se]n13,3.191,293.813,5.138,3.422,10.274,3.933,1.861,7.989,1.278,13.141,0,8,4.998,1.469,0.449,69.289,-2.819,69.872,67.1289,67.02886754
[Sn](c1ccccc1)(c1ccccc1)c1ccccc1.[Sn](c1ccccc1)(c1ccccc1)c1ccccc1.[Se],0,1172.637,25.832,21.729,29.15,18.899,12.964,21.526,8.946,23.114,17.069,39,29.42,15.884,8.217,257.281,4.025,242.986,265.5436,265.4436091
[Gd+3].[Gd+3].[Se-2].[Se-2].[Se-2],0,4.855,0,1.932,11.608,0,0,0,0,0,131.087,5,35.035,24.084,17.865,127.526,-1.142,79.881,7.5478,7.583257521
[Y+3].[Y+3].[Se-2].[Se-2].[Se-2],0,4.855,0,2.379,13.195,0,0,0,0,0,116.624,5,37.275,25.066,18.205,113.923,-1.147,65.418,8.5201,8.278131616
[Se-2].[Se-2].[Na+].[Na+].[Na+].[Na+].O.O.O.O.O.O.O.O.O,0,20.074,0,9.316,20.743,0,0,0,0,0,201.652,15,313.624,266.666,237.351,197.54,-20.168,118.229,18.1127,18.21242669
[Se](CCN1CCOCC1)CCN1CCOCC1,1.424,174.945,11.761,10.604,12.318,8.449,6.629,9.052,4.52,7.09,0,17,13.783,8.459,5.685,110.769,0.192,110.565,49.0603,49.16055153
[La+3].[La+3].[Se-2].[Se-2].[Se-2],0,4.855,0,2.379,14.77,0,0,0,0,0,122.404,5,36.265,24.616,18.04,119.363,-1.142,71.198,9.3076,9.207606415
[Se]=P(c1ccc(C)cc1)(c1ccc(C)cc1)c1ccc(C)cc1,2.24,726.17,16.449,13.784,16.391,10.997,7.817,11.823,6.116,12.331,0,23,16.467,6.616,3.285,146.352,3.989,146.778,164.1018,164.1763041
[Se](CCCCCCCCCCCC)CCCCCCCCCCCC,2.939,192.141,18.263,17.965,19.678,12.414,11.992,14.414,7.976,10.546,0,25,25.519,24.519,24.519,167.413,9.369,167.859,61.226,61.32609728
[In+3].[In+3].[Se-2].[Se-2].[Se-2],0,4.855,0,2.379,14.11,0,0,0,0,0,102.893,5,40.627,26.611,18.832,100.972,-1.904,51.687,8.9776,8.709777561
[Se-2].[Na+].[Na+].O.O.O.O.O.O.O.O.O.O.O.O.O.O.O.O,0,14.711,0,10.408,16.121,0,0,0,0,0,163.802,19,2335.899,2005.901,1799.033,162.483,-19.568,59.115,15.1659,15.26577693
Brc1ccc(N2CP(=[Se])(c3ccccc3)CN(c3ccc(Br)cc3)C2)cc1,1.731,904.236,18.855,14.633,20.412,13.033,8.682,14.644,6.682,15.773,0,27,19.484,8.268,4.439,184.601,5.837,185.994,202.736,202.8359541
[U](=[Se])=[Se],3.266,23.774,2.707,1.316,8.906,1.414,0.408,19.786,0.083,20.987,21.187,3,5.091,4.091,4.091,41.651,-0.762,42.462,10.8729,10.97301664
[Se]=P(c1ccccc1)(c1ccccc1)c1ccccc1,2.272,617.721,13.839,11.016,13.623,9.816,6.585,10.591,4.616,10.831,0,20,13.586,5.935,2.454,127.257,3.064,127.516,139.141,139.240766
[Se]=P(N1CCOCC1)(N1CCOCC1)c1ccccc1,1.947,451.322,13.839,11.61,14.217,9.816,7.136,11.047,5.012,10.952,0,20,14.926,6.846,2.952,127.91,0.907,127.965,106.3633,106.0341627
[Se](CC(N)c1ccccc1)CC(N)c1ccccc1,1.777,427.122,13.502,10.905,12.618,9.271,6.459,8.882,4.572,6.827,12.084,19,14.292,7.464,4.481,120.909,2.927,120.937,100.3237,100.1144613
[Se]=P12c3c4cccc3Oc3c1c(ccc3)Oc1c2c(ccc1)O4.[Se]=P12c3c4cccc3Oc3c1c(ccc3)Oc1c2c(ccc1)O4,0,1958.834,30.363,23.553,28.768,22.53,14.62,22.631,11.448,23.464,0,46,26.127,8.878,3.108,277.792,6.762,279.65,424.6809,424.5805907
[TlH2+].[TlH2+].[Se-2],0,2.755,0,2.408,19.671,0,0,0,0,0,71.666,3,18.281,8.837,4.364,70.529,-2.213,54.598,11.3497,11.44955255
[Se]=P1(c2ccccc2)CN(c2ccc(C)cc2)CN(c2ccc(C)cc2)C1,1.731,894.433,18.855,15.877,18.484,13.033,9.304,13.68,7.4,14.66,0,27,18.567,7.679,4.064,169.596,4.929,170.163,200.309,200.389725
[Se]=P1(c2ccccc2)CN(Cc2ccccc2)CN(Cc2ccccc2)C1,1.589,845.936,18.529,15.446,18.053,13.211,9.375,13.751,7.278,14.538,0,27,18.873,8.691,4.876,169.596,4.304,170.163,190.1097,190.2095537
[Se]=P(c1c(F)c(F)c(F)c(F)c1F)(C)C,3.761,435.585,11.964,7.745,10.353,6.675,3.746,8.645,3.269,12.164,0,15,12.887,4.003,2.171,90.701,2.368,90.279,99.3568,99.43207821
[Se](c1ccc([N+]([O-])=O)cc1)c1ccc([N+]([O-])=O)cc1,2.12,555.131,13.828,9.554,11.268,9.059,5.228,6.942,3.604,6.01,26.332,19,13.197,5.6,3.369,114.075,1.158,113.861,124.8422,124.7423758
[TlH2].[TlH2].[Se],0,2.755,0,2.408,19.671,0,0,0,0,0,71.666,3,18.281,8.837,4.364,70.529,-2.213,54.598,11.3497,11.44955255
[Se]=P(N1CCCCC1)(N1CCCCC1)N1CCCCC1,1.813,292.724,13.839,12.804,15.411,9.816,8.68,12.543,6.556,12.363,0,20,15.715,7.397,3.263,131.991,3.29,132.126,75.7049,75.8048764
[Se](c1c(C(O)=O)cccc1)c1c(C(O)=O)cccc1,2.422,581.348,13.828,9.738,11.451,9.092,5.418,7.131,3.705,5.979,26.084,19,13.334,5.693,3.019,115.41,0.738,115.279,130.2809,130.262768
[Se-2].[K+].[K+].O.O.O.O.O.O.O.O.O,0,12.49,0,6.908,14.868,0,0,0,0,0,169.123,12,272.864,221.045,176.237,165.136,-13.795,102.769,12.6952,12.79531861
[Hf](=[Se])=[Se],3.266,23.774,2.707,1.316,8.335,1.414,0.408,17.364,0.083,18.417,16.99,3,4.909,3.909,3.909,40.061,-0.764,40.574,10.5874,10.47323937
[Ce].[Ce].[Se].[Se].[Se],0,4.855,0,2.225,13.644,0,0,0,0,0,134.701,5,34.603,23.902,17.811,130.921,-1.142,0,8.683,8.583248157
[Er].[Er].[Se].[Se].[Se],0,4.855,0,1.802,10.646,0,0,0,0,0,125.817,5,35.745,24.389,17.962,122.573,-1.142,0,7.0148,7.114966363
[Sm].[Sm].[Se],0,2.755,0,1.225,8.177,0,0,0,0,0,97.845,3,16.379,8.956,5.195,95.177,-0.381,0,5.1295,5.229660447
[Se]=P(CCCCCCCC)(CCCCCCCC)CCCCCCCC,4.045,265.784,19.349,18.705,21.312,12.682,12.253,16.813,8.532,16.866,0,26,26.949,20.678,18.319,174.845,9.169,175.438,77.504,77.4040308
[Se]=P(/C(C(C)(C)C)=C\Sc1ccc(Cl)cc1)(c1ccc(C)cc1)c1ccc(C)cc1,2.196,1026.378,21.941,18.147,22.327,14.102,9.985,15.248,8.605,16.165,5.415,30,23.648,9.64,5.421,197.913,7.689,199.176,230.4998,227.5830966
[Se]=P12c3c4cccc3Oc3c1c(ccc3)Oc1c2c(ccc1)O4,1.883,892.167,15.181,11.776,14.384,11.265,7.31,11.315,5.724,11.732,0,23,12.434,3.909,1.324,139.58,3.381,139.825,195.0784,194.9628722
[Ta](=[Se])=[Se],3.266,23.774,2.707,1.264,7.903,1.414,0.365,15.531,0.075,16.473,14.284,3,4.779,3.779,3.779,39.033,-0.764,39.357,10.3506,10.2594187
[Se](CC(=O)c1ccccc1)CC(=O)c1ccccc1,1.813,497.976,13.502,10.412,12.126,9.271,6.014,8.437,4.071,6.139,26.523,19,13.725,7.028,4.162,118.552,3.293,118.541,114.0549,114.0354238
[Se]=[As](CCCC)(CCCC)c1ccccc1,2.816,319.848,11.856,10.485,14.075,7.726,6.364,14.703,4.379,18.691,0,16,14.359,7.591,4.283,108.822,3.608,109.226,79.0395,79.13939692
[Se](c1cc(C(F)(F)F)cc(C(F)(F)F)c1)C,3.33,346.316,12.56,7.908,9.621,7.142,3.978,6.548,2.946,4.791,10.528,16,13.385,4.295,3.153,93.8,3.102,93.262,81.3379,81.36765597
[Se](CCCc1cc(C)c(O)c(C)c1)CCCc1cc(C)c(O)c(C)c1,1.656,614.453,18.397,15.855,17.568,11.88,9.041,11.464,6.976,9.546,0,25,19.879,9.311,5.797,158.007,5.438,158.332,143.7013,143.8014406
[Se-2].[Se-2].[Se-2].[Ga+3].[Ga+3],0,4.855,0,2.379,12.364,0,0,0,0,0,90.787,5,45.592,28.978,19.892,89.515,-1.904,39.581,8.1046,8.204672142
[Se](CCCCCCCCCCCCCCCCCC)CCCCCCCCCCCCCCCCCC,3.004,331.682,26.749,26.45,28.163,18.414,17.992,20.414,12.219,14.789,0,37,37.519,36.519,36.519,243.793,14.05,166.853,99.323,99.42320945
[Pt](Cl)Cl.[Se](C)C.[Se](C)C,0,21.284,8.121,5.889,13.099,4.243,1.872,14.355,0.862,7.571,0,9,17.407,31.699,133.617,87.533,2.95,88.519,15.5982,15.6985899
[Se](C12c3c(cccc3)C(c3c1cccc3)c1c2cccc1)CCCC,1.851,824.402,16.855,14.535,16.248,12.376,9.298,11.366,7.078,9.825,4.313,25,15.436,5.867,2.001,156.004,5.708,156.45,184.06,184.4616112
[Se](CCCCCCCCC)CCCCCCCCC,2.877,128.626,14.021,13.722,15.435,9.414,8.992,11.414,5.855,8.425,0,19,19.519,18.519,18.519,129.224,7.028,129.334,43.4255,43.52556874
[Se](c1c([N+]([O-])=O)cc([N+]([O-])=O)cc1)c1c([N+]([O-])=O)cc([N+]([O-])=O)cc1,2.524,842.483,18.723,11.927,13.64,11.701,6.239,7.952,4.435,6.708,8.924,25,17.906,6.984,3.91,143.381,0.974,143.179,185.9567,185.8562084
[Se]=[P@]1(Nc2c(C)cccc2)O[C@@H](C)CCO1,2.146,424.201,11.596,9.473,12.08,7.59,5.359,9.2,3.962,8.675,6.104,16,12.349,5.033,2.967,103.968,3.078,103.841,98.3628,98.57428159
[Se]([C@@H]1O[C@H](COC(=O)C)[C@@H](OC(=O)C)[C@H](OC(=O)C)[C@H]1OC(=O)C)[C@@H]1O[C@H](COC(=O)C)[C@@H](OC(=O)C)[C@H](OC(=O)C)[C@H]1OC(=O)C,2.689,1113.82,35.585,26.944,28.658,21.886,14.155,16.133,10.271,12.792,0,47,39.378,17.933,12.386,275.289,-1.143,275.876,258.815,258.7153121
[Se]([C@@H]1OC[C@@H](OC(=O)C)[C@@H](OC(=O)C)[C@@H]1OC(=O)C)[C@@H]1OC[C@@H](OC(=O)C)[C@@H](OC(=O)C)[C@@H]1OC(=O)C,2.38,820.603,27.861,21.157,22.87,17.277,11.2,13.178,8.131,10.652,13.214,37,30.483,13.702,9.255,218.549,-1.007,218.819,192.6147,192.7147127
BrC(C[Se]CC(Br)COC)COC,3.226,104.317,10.104,7.964,12.849,6.202,4.041,8.295,2.643,7.488,0,13,14.399,9.936,9.698,103.537,2.347,104.017,33.8273,33.82716233
[Se](C([Se]C(N)=N)C)C([Se]C(N)=N)C.Cl.Cl,0,184.816,10.431,8.351,15.123,5.914,3.583,9.252,2.236,14.601,54.728,15,21.372,11.561,15.078,121.762,0.261,97.901,50.9944,51.09435207
[Se](CCCc1cc(C(C)(C)C)c(O)c(C(C)(C)C)c1)CCCC,2.914,456.539,17.673,16.253,17.966,10.57,9.016,11.439,8.609,11.179,10.83,23,20.584,8.582,6.511,149.98,6.261,150.254,112.3853,112.4854844
[Se]=P(C1CCCCC1)(C1CCCCC1)c1ccc(N(C)C)cc1,1.942,517.265,16.286,14.838,17.445,11.12,9.495,13.638,7.704,14.903,0,23,17.782,7.9,3.807,150,5.144,150.385,123.1907,123.0899453
[Se](CC(OC)COc1c2c(ccc1)cccc2)CC(OC)COc1c2c(ccc1)cccc2,1.255,1060.888,22.882,19.107,20.82,16.28,11.127,13.549,7.829,10.085,12.208,33,23.593,12.057,6.274,201.506,6.022,202.157,237.2205,237.3203541
Brc1ccc([Se]c2ccc(Br)cc2)cc1,2.147,390.684,10.673,7.783,12.668,7.237,4.429,7.728,3.01,7.248,0,15,11.406,5.309,3.456,112.504,2.867,113.217,91.0006,91.09745199
[Se](CCCc1ccc(O)cc1)CCCc1ccc(O)cc1,1.519,470.42,14.916,12.164,13.877,10.237,7.374,9.797,5.152,7.722,0,21,15.939,8.76,6.24,132.547,4.204,132.648,110.5148,110.4145795
[Eu+2].[Se-2].[Se-2].[Se-2].[Se-2].[Cr+3].[Cr+3],0,9.651,0,2.827,14.655,0,0,0,0,0,152.374,7,60.389,45.42,36.562,148.539,-1.528,84.099,10.3885,10.28854554
[Se](CC=Cc1ccccc1)CC=Cc1ccccc1,1.65,462.401,13.176,10.905,12.618,9.449,6.459,8.882,4.164,6.419,0,19,13.862,8.526,5.739,121.58,4.954,121.69,107.269,107.3692009
[Se](CCNc1ccccc1)CCNc1ccccc1,1.488,401.321,13.176,11.01,12.723,9.449,6.606,9.028,4.198,6.768,0,19,13.979,8.625,5.82,121.329,3.751,121.357,95.1313,95.19643707
[Se](CCCc1cc(C(C)(C)C)c(O)cc1)CCCC,2.468,379.339,14.303,12.83,14.543,8.948,7.35,9.772,6.171,8.741,5.415,19,16.593,7.968,6.013,124.521,4.963,124.571,92.809,92.70909323
[Se]=P(Cc1ccccc1)(Cc1ccccc1)Cc1ccccc1,1.869,658.538,15.96,13.137,15.745,11.235,7.924,12.485,5.989,13.93,0,23,16.467,7.932,5.046,146.352,5.688,146.778,149.8098,149.9101659
[Se](C(F)(F)C(F)(F)C(F)(F)F)C(F)(F)C(F)(F)C(F)(F)F,5.649,337.906,17.707,8.7,10.413,8.707,4.054,5.767,3.28,5.86,0,21,20.539,5.03,3.484,111.162,4.271,110.262,82.1447,82.04452238
IC([Se]C(I)C=Cc1ccccc1)C=Cc1ccccc1,1.832,525.182,14.916,11.402,17.43,10.237,6.64,11.109,4.378,13.562,0,21,17.256,9.823,7.132,160.103,5.64,161.879,122.9702,122.8702289
[Se]1(=O)n2c3c4c(c1c2=O)[Se]c4ccc3,2.442,702.005,9.447,6.812,10.238,6.788,4.107,8.142,3.259,8.135,20.516,14,7.546,2.095,0.58,89.181,-2.043,89.267,151.3231,151.2230036
[Se](CC(OC)CCCC)CC(OC)CCCC,3.615,137.158,12.933,12.036,13.749,8.278,6.912,9.335,4.537,6.793,0,17,17.439,12.885,10.081,113.991,3.938,113.869,43.3619,43.49284543
[Se](C(COCc1ccccc1)COC)CC(OC)COCc1ccccc1,1.666,593.776,19.159,16.212,17.925,13.313,9.181,11.382,6.27,9.067,6.104,27,22.092,13.891,9.519,168.873,3.992,169.188,140.1168,140.0164335
BrC(C[Se]CC(Br)COCc1ccccc1)COCc1ccccc1,1.478,516.924,17.744,14.152,19.037,12.237,8.33,12.584,5.733,10.579,0,25,21.143,13.075,9.93,173.651,5.488,174.801,124.0351,124.1348843
BrC(CCCCCC)C[Se]CC(Br)CCCCCC,3.299,158.132,14.347,12.804,17.689,9.202,8.061,12.315,5.431,10.276,0,19,20.479,15.861,15.685,144.229,6.995,145.165,50.2265,50.32637932
[Se](C(CCCCCC)COC)C(CCCCCC)COC,4.042,179.657,15.761,14.865,16.578,10.278,8.912,10.891,5.989,9.358,0,21,21.439,16.804,13.802,139.451,5.501,139.552,55.2989,55.39894065
[Se](CC(OC)c1ccccc1)CC(OC)c1ccccc1,1.872,453.641,14.916,12.567,14.28,10.347,7.08,9.503,4.808,7.063,12.208,21,16.253,9.011,4.976,133.186,4.303,133.287,107.557,107.4570593
[Se]=[P+](CCc1ncccc1)CCc1ncccc1,1.729,442.162,12.632,10.197,12.805,8.843,6.063,9.991,4.071,9.18,6.168,18,13.549,7.531,4.777,116.514,2.827,116.579,102.8762,102.6360105
[Se](C(c1c2c([nH]c1)cccc2)c1c2c([nH]c1)cccc2)C(c1c2c([nH]c1)cccc2)c1c2c([nH]c1)cccc2,1.374,1790.48,25.761,21.11,22.823,19.348,13.245,15.223,10.055,12.604,24.589,39,22.535,9.09,3.66,231.176,8.195,232.24,385.8172,385.7174802
Brc1ccc(C(=O)C[Se]CC(=O)c2ccc(Br)cc2)cc1,1.834,578.831,15.242,11.014,15.899,10.059,6.213,10.222,4.353,8.252,26.523,21,16.627,8.041,5.186,146.287,4.818,147.214,132.8773,132.5659999
[Se]1[P@@](=[Se])(c2ccccc2)[C@@H](c2ccccc2)C=C1/C=C/c1ccccc1,1.72,976.491,17.822,14.233,18.554,12.755,8.604,15.752,6.192,21.546,0,26,17.995,8.096,3.814,168.585,5.384,169.596,215.787,215.6868172
[Se](c1c(C)[nH]nc1-c1ncccc1)c1c(C)[nH]nc1-c1ncccc1.[Se](c1c(C)[nH]nc1-c1ncccc1)c1c(C)[nH]nc1-c1ncccc1.OC,0,1991.798,36.451,29.079,32.505,25.474,16.134,19.561,11.169,15.452,29.914,52,36.237,17.101,7.991,312.49,2.666,302.092,437.179,437.0787674
[Se]=P(c1c(NNc2ccccc2)cccc1)(c1ccccc1)c1ccccc1.[Se]=P(c1c(NNc2ccccc2)cccc1)(c1ccccc1)c1ccccc1,0,2259.271,38.472,30.65,35.865,27.564,18.326,26.336,12.827,25.188,0,56,39.107,19.139,9.106,345.4,9.006,348.015,493.5883,493.6882102
BrCC([Se]C(COc1c2c(ccc1)cccc2)CBr)COc1c2c(ccc1)cccc2,1.37,1034.579,21.468,17.047,21.932,15.28,10.267,14.488,7.265,11.929,0,31,22.666,11.376,5.839,206.284,7.522,207.77,231.278,231.4049035
[Se](C(COc1c2c(ccc1)cccc2)COC)C(COc1c2c(ccc1)cccc2)COC,1.412,1060.888,22.882,19.107,20.82,16.28,11.127,13.105,7.867,11.236,24.589,33,23.593,12.057,6.274,201.506,6.025,202.157,237.2362,237.3362421
[Mo].[Mo].[Mo].[Mo].[Mo].[Se-2].[Se-2].[O-2].[O-2].[O-2].[O-2].[O-2].[O-2].[O-2].[O-2].[O-2].[O-2].[O-2].[O-2].[O-2].[O-2].[O-2].[O-2].[O-2].[O-2].[O-2].[O-2].[O-2].[NH3+]C(C)C.[NH3+]C(C)C.[NH3+]C(C)C.[NH3+]C(C)C,0,126.367,14.309,24.569,38.03,6.928,6.252,6.252,5.575,5.575,254.464,44,428.042,401.191,7428.087,353.358,-4.722,0,58.4087,58.50826495
[Sn](CCCC)(CCCC)CCCC.[Se]c1ccccc1,0,267.71,15.054,13.659,18.226,9.74,8.297,15.208,5.374,14.925,0,20,20.538,15.918,13.518,142.233,5.362,143.172,72.6348,72.73485188
[Se](C(=O)CCCCCCCCCCCCCCCCC)C(=O)CCCCCCCCCCCCCCCCC,3.274,460.28,28.489,26.852,28.565,19.202,17.938,19.651,12.246,14.585,9.363,39,38.859,34.063,33.965,252.116,12.267,175.167,125.9534,125.8535313
[Se]=P1(OCC2(CCC)COC(C)(C)OC2)OCCCO1,1.938,353.773,14.692,12.554,15.161,9.389,7.203,10.962,5.968,10.452,5.415,20,17.109,6.887,4.622,128.646,2.855,128.603,87.9581,87.57228153
[Se](Cc1ccc(OC)cc1)Cc1ccc(OC)cc1,1.812,443.662,13.502,11.258,12.971,9.313,6.152,8.575,4.189,6.257,0,19,13.979,7.223,4.304,120.456,3.108,120.445,103.9529,104.0528659
[Se]=P(c1cc(Cl)ccc1)(c1cc(Cl)ccc1)c1cc(Cl)ccc1,2.318,790.345,16.449,11.918,16.793,10.997,6.884,12.023,5.049,12.573,0,23,17.307,7.157,3.615,158.167,5.024,159.187,176.3992,176.2990187
[Se](CC(OCC)OCC)Cc1ccc(OC)cc1,2.298,307.32,13.217,11.348,13.061,8.796,6.236,8.659,3.703,5.865,6.29,18,15.517,9.398,5.873,115.972,2.717,115.845,76.7286,76.82883797
[Se]=P(c1cc(C)ccc1)(c1cc(C)ccc1)c1cc(C)ccc1,2.318,777.92,16.449,13.784,16.391,10.997,7.817,11.823,6.126,12.342,0,23,16.467,6.616,3.285,146.352,3.989,146.778,174.4596,174.5598468
Brc1ccc([Se]CCc2ccncc2)cc1,1.823,427.445,11.217,8.766,12.066,7.843,5.117,7.978,3.408,6.775,0,16,11.843,6.19,3.746,110.586,2.835,110.901,98.5758,98.5748134
[Se](C(CCC=C(C)C)(C)C=C)C/C=C(/CCC=C(C)C)C,4.222,390.061,16.303,14.96,16.673,9.788,7.988,10.055,6.519,9.78,0,21,20.479,11.101,11.778,139.195,6.913,139.417,97.6458,97.54533809
BrC(OCCCC)C[Se]CC(Br)OCCCC,3.292,145.441,12.933,10.792,15.677,8.202,6.293,10.547,3.806,8.104,10.026,17,18.399,13.822,13.629,128.996,4.603,129.7,45.4526,45.35236717
[Se](C(C(N)c1ccc(O)cc1)C)C(C(N)c1ccc(O)cc1)C,1.988,560.424,16.983,13.386,15.099,10.88,7.627,9.605,5.781,9.472,38.539,23,17.827,7.842,4.723,143.227,3.119,143.358,130.2824,130.3822781
[Se](CC(OC)CCCCCC)CC(OC)CCCCCC,3.642,179.657,15.761,14.865,16.578,10.278,8.912,11.335,5.952,8.207,0,21,21.439,16.804,13.802,139.451,5.498,139.552,55.2589,55.15910137
[Se](CC(OC)(c1ccc(Cl)cc1)C)CC(OC)(c1ccc(Cl)cc1)C,2.072,615.6,18.502,15.014,18.239,11.826,8.03,11.208,6.377,9.317,11.202,25,20.768,8.902,5.228,166.522,5.958,167.243,144.0029,144.0833814
[Se](/C([Si](C)(C)C)=C/Cl)/C=C(/Cl)[Si](C)(C)C,4.643,272.127,12.276,10.319,15.544,6.587,4.924,14.584,5.557,19.299,0,15,16.013,6.084,6.348,112.294,4.606,112.848,70.4721,70.37152423
Br/C(=C(/[Se]/C(CC)=C(/Br)CC)CC)CC,4.816,228.348,11.845,9.993,14.878,7.099,5.529,8.828,3.172,7.583,0,15,15.959,9.038,5.719,117.39,5.544,118.103,61.1409,61.24063778
[Se]=[P+](CCc1occc1)CCc1occc1,1.687,379.578,11.217,8.964,11.572,7.843,5.312,9.241,3.588,8.696,6.168,16,11.853,6.198,3.751,103.664,3.223,103.578,88.821,88.89931726
[Se]=P(CCc1ccccc1)(CCc1ccccc1)CC[Se]C=C,1.957,575.105,16.383,13.564,17.885,11.217,8.092,14.854,5.738,16.326,0,23,18.98,10.501,7.382,154.711,4.839,155.554,134.4997,134.5998598
[Se](CCP(=[Se])(CCc1ccccc1)CCc1ccccc1)CCP(=[Se])(CCc1ccccc1)CCc1ccccc1,1.308,1157.383,28.644,24.151,31.08,20.02,14.897,26.441,11.013,30.249,0,41,33.197,18.186,12.822,270.686,8.7,273.044,265.401,265.5008533
[Se](CCP(CCc1ccccc1)CCc1ccccc1)CCP(CCc1ccccc1)CCc1ccccc1,1.226,955.816,26.799,23.335,26.837,19.348,14.532,20.749,10.238,18.174,15.843,39,30.223,18.578,12.539,246.262,9.462,247.674,222.078,221.9782368
[Se](C/C(=N/Cc1c(O)cccc1)CCCC)C/C(=N/Cc1c(O)cccc1)CCCC,1.965,779.306,22.313,18.887,20.6,15.135,11.294,13.717,7.722,9.79,0,31,25.163,14.827,9.711,193.257,6.601,193.835,180.6064,180.5065808
[Se]([P+](c1ccccc1)(c1ccccc1)c1ccccc1)[P+](c1ccccc1)(c1ccccc1)c1ccccc1,1.76,1274.353,26.384,21.623,25.125,19.338,13.171,21.181,9.313,25.481,14.072,39,25.95,11.837,4.936,238.382,6.509,239.795,284.1735,284.2735654
BrC(CCCCC)C[Se]CC(Br)CCCCC,3.292,137.158,12.933,11.39,16.275,8.202,7.061,11.315,4.724,9.569,0,17,18.479,13.901,13.708,131.499,6.215,132.324,44.3342,44.43447054
[Se](CCCc1cc(OCC)c(O)cc1)CCCC,2.311,339.266,13.217,11.446,13.159,8.774,6.8,9.222,4.305,6.874,5.75,18,15.397,9.294,5.79,116.904,4.064,116.838,83.2073,83.03388881
[Se](CCCc1cc(C(C)(C)C)c(O)c(C(C)(C)C)c1)CCCc1cc(C(C)(C)C)c(O)c(C(C)(C)C)c1,1.977,897.668,28.397,25.855,27.568,16.725,14.041,16.464,14.899,17.468,21.66,37,31.775,11.748,8.79,234.386,9.394,235.382,212.3764,212.4764346
BrC(C[Se]CC(Br)CO)CO,3.127,84.651,8.69,6.042,10.927,5.202,3.279,7.533,2.097,6.942,22.868,11,12.399,8.019,7.75,90.168,1.039,90.536,27.7302,27.5613563
[Se]([Si](c1ccccc1)(c1ccccc1)c1ccccc1)[Si](c1ccccc1)(c1ccccc1)c1ccccc1.[Se]([Si](c1ccccc1)(c1ccccc1)c1ccccc1)[Si](c1ccccc1)(c1ccccc1)c1ccccc1,0,2799.705,52.769,43.458,50.884,38.676,26.745,44.656,19.321,56.458,27.355,78,52.594,24.905,10.505,475.928,8.05,480.297,618.5969,618.4968083
[Se]=P(c1ccc(C=C)cc1)(c1ccccc1)c1ccccc1,2.232,761.846,15.416,12.223,14.83,10.747,7.193,11.198,5.076,11.291,0,22,15.253,6.629,2.808,139.297,3.707,139.668,169.5214,169.6638046
[Se]=P(c1c(/N=N/c2ccccc2)cccc1)(c1ccccc1)c1ccccc1.[Se]=P(c1c(/N=N/c2ccccc2)cccc1)(c1ccccc1)c1ccccc1,0,2352.771,38.472,30.439,35.654,27.564,18.12,26.13,12.609,24.971,0,56,39.107,19.139,9.106,344.154,10.959,346.769,512.0984,511.9981837
[Se]=P(c1cc2c(cc1)cccc2)(c1cc2c(cc1)cccc2)c1cc2c(cc1)cccc2,1.657,1466.729,21.545,17.48,20.087,15.714,10.8,14.805,8.204,14.419,0,32,19.714,7.875,3.259,195.302,6.524,196.231,317.0105,316.9109904
[Se](/C=C/C#Cc1ccccc1)/C=C/C#Cc1ccccc1,1.748,651.893,14.59,11.491,13.204,10.449,6.537,8.515,4.012,5.725,0,21,14.958,9.461,6.507,132.308,3.821,132.53,146.1288,146.02481
[Se]=P(C(C)(C)C)(C(C)(C)C)CNc1c(NCP(=[Se])(C(C)(C)C)C(C)(C)C)cc(F)c(F)c1,3.378,807.133,25.552,22.036,27.251,13.978,11.132,19.513,12.644,29.449,20.624,32,30.61,9.913,6.415,210.854,8.1,212.05,191.8699,191.7702473
Ic1ccc([Se]c2ccccc2)cc1,2.155,394.427,9.803,7.482,11.353,6.843,4.329,7.121,2.869,6.521,0,14,10.216,4.964,2.839,104.031,1.946,104.639,90.7111,90.86771872
[Se](C(COCc1ccccc1)COC)C(COCc1ccccc1)COC,1.761,540.276,19.159,16.212,17.925,13.313,9.181,11.16,6.292,9.661,0,27,22.092,13.891,9.519,168.873,3.994,169.188,129.4263,129.5262115
[Se]=[P+](CCc1ccc(Cl)cc1)CCc1ccc(Cl)cc1,1.75,512.536,14.372,11.059,15.178,9.631,6.543,11.227,4.682,10.663,6.168,20,16.214,8.323,5.681,138.681,5.344,139.336,119.0064,119.0560867
[Se][Si](CC)(CC)CC.[Se]=[AlH3],0,67.883,8.621,6.438,10.864,4.682,3.386,8.485,2.244,12.182,0,10,14.32,8.881,6.495,87.865,0.595,88.458,24.1701,24.27014953
BrC(Cl)=C([Se]c1ccccc1)Cl,2.718,280.369,8.975,5.929,10.74,5.698,3.136,6.398,1.949,6.737,14.957,12,10.619,5.308,3.506,96.226,3.015,96.755,66.7797,66.66047195
[Se](C(c1ccccc1)=CC(=O)c1ccccc1)C(c1ccccc1)=CC(=O)c1ccccc1,1.76,1173.49,22.882,17.926,19.64,16.204,10.614,12.327,7.312,9.586,26.523,33,22.415,11.193,6.138,200.017,6.539,200.789,258.729,258.6287986
[Se](CC#C[Si](C)(C)C)CC#C[Si](C)(C)C,3.717,266.965,11.95,10.822,14.536,6.707,5.284,14.707,5.596,17.164,0,15,15.073,6.612,14.073,103.795,3.289,103.953,68.9465,69.04625223
[Se-2].[Se-2].[Se-2].[Se-2].[Fe+2].[Cr+3].[Cr+3],0,9.651,0,2.803,13.31,0,0,0,0,0,120.066,7,74.216,54.055,42.295,118.094,-1.531,51.791,9.7064,9.806368306
[Se]=P(C(C)(C)C)(C(C)(C)C)CNc1c(NCP(=[Se])(C(C)(C)C)C(C)(C)C)cc(Cl)c(Cl)c1,3.378,807.133,25.552,22.036,28.763,13.978,11.132,20.268,12.644,30.264,20.624,32,31.329,10.347,6.739,223.13,9.128,224.882,192.6259,192.7259302
[Se]=P(c1c(-c2c(P(=[Se])(c3cc(C)cc(C)c3)c3cc(C)cc(C)c3)ccc3c2OCCO3)c2c(cc1)OCCO2)(c1cc(C)cc(C)c1)c1cc(C)cc(C)c1,1.582,2289.665,39.518,33.41,38.625,26.748,19.178,27.188,15.57,27.931,0,56,39.254,15.303,7.022,346.962,8.118,349.5,502.6231,502.522773
[Se](S(=O)(=O)c1ccccc1)S(=O)(=O)c1ccccc1,2.367,686.391,13.933,9.631,12.977,8.917,5.23,12.242,3.602,15,9.791,19,14.272,5.464,3.448,116.154,1.468,116.516,152.0357,151.9351385
[Se](CC(=O)c1ccc(OC)cc1)CC(=O)c1ccc(OC)cc1,1.826,602.926,16.656,13.074,14.787,11.135,7.06,9.483,4.796,6.864,26.523,23,17.256,8.511,4.947,141.509,3.31,141.601,138.3877,138.2872149
[Se]=P(/C(C(C)(C)C)=C\Sc1[nH]c2c(n1)cccc2)(c1ccc(C)cc1)c1ccc(C)cc1,1.872,1230.038,22.933,19.216,22.64,15.175,10.749,15.634,9.21,16.249,5.415,32,23.332,9.196,4.749,202.721,6.911,203.815,272.0811,272.1811746
[Sm+3].[Sm+3].[Se-2].[Se-2].[Se-2],0,4.855,0,2.041,12.419,0,0,0,0,0,131.983,5,34.924,24.037,17.85,128.368,-1.142,80.777,7.9969,7.920779666
[Se]=P(c1c(OC)cccc1)(c1c(OC)cccc1)c1c(OC)cccc1,2.422,832.808,18.571,15.008,17.616,12.662,8.173,12.178,5.625,11.736,0,26,18.79,8.138,3.21,161.693,3.09,162.105,187.1863,187.2862675
[Se](c1ccc(N(C)C)cc1)c1ccc(N(C)C)cc1,2.079,465.95,13.828,11.921,13.635,9.059,6.287,8,4.879,7.285,0,19,13.979,6.137,3.759,121.748,1.474,121.777,109.1322,109.0763912
[Se](=[Se])[c-]1cccc1.[Fe+2].[cH-]1cccc1,0,267.363,8.648,6.866,11.397,5.932,3.615,8.805,2.166,5.322,17.069,13,13.258,8.839,6.345,101.769,1.222,72.046,64.5119,64.41190143
[Se](CC(Cl)c1ccccc1)CC(Cl)c1ccccc1,1.777,427.122,13.502,10.507,13.732,9.271,6.229,9.525,4.294,7.603,10.754,19,14.938,7.968,4.854,130.835,5.487,131.342,100.7215,101.0885273
[Se](C(COc1c2c(ccc1)cccc2)CCl)C(COc1c2c(ccc1)cccc2)CCl,1.37,1034.579,21.468,17.047,20.272,15.28,10.267,13.314,7.265,11.251,24.589,31,22.299,11.109,5.67,199.156,7.21,200.212,230.448,230.34791
BrC(C[Se]CC(Br)COc1c2c(ccc1)cccc2)COc1c2c(ccc1)cccc2,1.198,1034.579,21.468,17.047,21.932,15.204,10.275,14.529,7.309,12.154,0,31,22.666,11.376,6.26,206.284,7.519,207.77,231.2608,231.1608541
[Se-][NH+]([C@@H](Cc1ccccc1)C(O)=O)C(OCC1c2c(cccc2)-c2c1cccc2)=O,1.479,1024.066,21.087,16.155,17.868,14.559,9.719,10.575,7.27,8.193,22.862,30,20.356,8.839,4.029,182.867,2.6,183.309,226.6832,226.5832041
[Se](C1(OC(=O)c2ccccc2)CCCCC1)C1(OC(=O)c2ccccc2)CCCCC1,1.571,795.295,21.573,17.886,19.599,15.099,11.369,13.082,8.556,12.106,26.895,31,22.106,10.014,5.583,190.417,5.725,190.956,182.6419,182.7416309
BrCC([Se]C(CCCC)CBr)CCCC,3.773,116.791,11.519,9.976,14.861,7.278,6.053,10.274,3.973,8.637,0,15,16.479,11.95,9.205,118.769,5.438,119.482,38.6121,38.71245996
[Se]=[P+](CC(c1ccccc1)C)CC(c1ccccc1)C,1.896,486.359,14.372,12.198,14.805,9.665,7.185,11.113,5.47,10.415,6.168,20,15.645,7.888,4.67,130.805,5.159,131.063,114.0547,113.9544796
[Se]=P(CCSCCCCCCC)(CCSCCCCCCC)CCSCCCCCCC,4.059,349.304,23.592,22.051,27.108,15.682,13.985,22.01,9.309,21.316,0,32,33.999,27.585,25.103,224.309,10.198,225.979,99.7187,99.81891835
[Se].[Ge].[Ge].[Si](CC)(CC)CC.[Si](CC)(CC)CC,0,77.487,11.397,12.651,20.56,6.692,6.364,10.607,3.621,10.864,69.856,17,31.434,26.572,23.545,146.505,3.939,0,34.2569,34.35692391
[Se](c1c(-c2ncccc2)n[nH]c1C)c1c(-c2ncccc2)n[nH]c1C.[Cu+2].[Cu+].[OH3+].O.[O-][N+]([O-])=O.O.[O-][N+]([O-])=O.[O-][N+]([O-])=O.[O-][N+]([O-])=O.O.O,0,1276.37,31.535,23.684,27.28,19.165,10.035,11.748,6.479,8.62,76.475,48,61.817,33.248,27.21,293.07,-3.653,185.183,287.8481,287.7483053
[Se](C(Cc1cc(OC)c(OC)cc1)COC)C(Cc1cc(OC)c(OC)cc1)COC,2.137,732.134,22.64,19.305,21.018,15.074,10.131,12.109,7.078,10.446,0,31,25.341,13.483,7.615,191.83,4.08,192.248,171.6635,171.677125
[Se](/C=C/C#C[Si](C)(C)C)/C=C/C#C[Si](C)(C)C,3.988,357.954,13.364,11.718,15.431,7.707,5.715,14.694,5.78,16.993,0,17,16.553,7.798,15.553,115.145,3.48,115.416,88.4015,88.30123442
[Re](=[Se])=[Se],3.266,23.774,2.707,1.194,7.336,1.414,0.309,13.126,0.063,13.922,12.777,3,4.701,3.701,3.701,38.459,-0.764,38.681,10.0391,9.938735132
[Re].[Re].[Se-2].[Se-2].[Se-2].[Se-2].[Se-2].[Se-2].[Se-2],0,6.878,0,3.614,21.037,0,0,0,0,0,160.326,9,95.291,75.341,63.27,157.096,-2.671,0,13.3397,13.43959467
[Se]=P(c1ccc(C(=P(c2ccccc2)(c2ccccc2)c2ccccc2)c2ccccc2)cc1)(c1ccccc1)c1ccccc1,1.582,1980.651,31.238,25.433,28.935,22.719,15.533,21.327,11.219,20.773,0,46,30.444,13.647,5.558,280.193,7.627,281.997,430.3005,430.4005595
[Se](CCNC(=O)c1ccccc1)CCNC(=O)c1ccccc1,1.529,561.933,16.33,12.827,14.54,11.271,7.514,9.937,4.856,7.426,11.814,23,17.256,9.823,6.265,142.381,2.387,142.512,129.8393,129.9394123
[Se]=P(Cc1ccccc1)(c1ccccc1)c1ccccc1,2.098,692.795,14.546,11.723,14.33,10.289,7.032,11.222,5.055,11.806,0,21,14.543,6.582,3.272,133.622,3.939,133.936,154.9868,155.1226963
[Se]([Si](CC)(CC)CC)[Si](CC)(CC)CC,4.743,128.476,11.95,11.651,15.364,7.071,6.772,16.971,4.589,29.137,0,15,15.953,7.312,4.029,104.685,4.701,104.844,42.0969,42.19666059
[Se](C[Si](OC)(OC)OC)C[Si](OC)(OC)OC,4.276,163.925,13.364,11.272,14.985,8.071,4.959,11.245,3.084,13.333,14.957,17,17.713,8.753,5.07,111.758,0.362,111.665,49.2231,49.32312625
[Se]=P(N(CC)CC)(N(CC)CC)N(CC)CC,5.383,197.866,13.475,12.44,15.047,8.058,6.923,10.786,3.93,9.737,0,17,17.829,8.849,3.894,115.913,2.858,115.881,56.6535,56.67507793
[Se]=P(c1c2c(ccc1)cccc2)(c1c2c(ccc1)cccc2)c1c2c(ccc1)cccc2,1.821,1450.979,21.545,17.48,20.087,15.765,10.817,14.823,8.104,14.216,0,32,19.714,7.875,3.013,195.302,6.524,196.231,313.8769,313.953782
[SbH6+3].[SbH6+3].[Se-2].[Se-2].[Se-2],0,4.855,0,1.225,6.364,0,0,0,0,0,100.062,5,41.561,27.051,19.023,98.296,-5.116,48.856,4.643,4.542961569
[Se]=P(c1ncccc1)(c1ncccc1)c1ncccc1,2.272,629.421,13.839,10.625,13.233,9.816,6.165,10.17,4.173,10.214,0,20,13.386,5.802,2.383,124.916,1.249,125.051,141.1296,141.2294816
[Se]=P(c1occc1)(c1occc1)c1occc1,2.257,532.49,11.717,8.776,11.384,8.316,5.039,9.044,3.463,9.451,0,17,10.913,4.228,1.694,105.64,1.843,105.55,119.4412,119.5410136
[Se]=P(/C=C/P(=[Se])(c1ccccc1)c1ccccc1)(c1ccccc1)c1ccccc1,1.9,1033.306,20.866,16.413,21.628,14.628,9.752,17.901,6.956,19.501,0,30,21.74,9.765,4.563,194.066,4.962,195.393,230.4902,230.3902299
[Se]=P(c1ccc(N(C)C)cc1)(c1ccccc1)c1ccccc1,2.189,767.78,16.286,13.386,15.993,11.12,7.614,11.619,5.691,11.906,0,23,16.274,6.888,3.211,145.747,3.13,146.132,172.0116,172.1111433
[Se](C(F)(C(F)(F)F)C(F)(F)F)C(F)(C(F)(F)F)C(F)(F)F,6.155,302.886,17.707,8.7,10.413,8.707,4.054,5.767,3.284,6.072,0,21,20.539,5.03,3.484,111.162,4.271,110.262,75.1913,75.29105903
[Tb+3].[Tb+3].[Se-2].[Se-2].[Se-2],0,4.855,0,1.891,11.308,0,0,0,0,0,128.429,5,35.38,24.231,17.911,125.029,-1.142,77.223,7.3814,7.336074486
[Se]([c-]1cccc1)[c-]1cccc1.[Fe+2].[Fe+2].[cH-]1cccc1.[cH-]1cccc1,0,525.092,14.59,12.508,16.429,10.449,6.896,8.609,4.268,6.674,34.137,23,21.958,14.544,10.365,166.044,3.585,106.549,122.6131,122.5133606
[Se](c1c(Cc2c(C)cccc2)cccc1)c1c(Cc2c(C)cccc2)cccc1,1.624,1021.329,20.054,17.06,18.773,14.204,10.132,11.845,7.524,9.798,0,29,19.705,9.265,4.877,180.343,5.14,181.012,226.6549,226.5546488
BrCC([Se]C(COCc1ccccc1)CBr)COCc1ccccc1,1.677,516.924,17.744,14.152,19.037,12.313,8.322,12.543,5.69,10.354,0,25,21.143,13.075,8.852,173.651,5.491,174.801,124.055,124.1125451
[Se]=[P+](CCc1ccc(C(C)(C)C)cc1)CCc1ccc(C(C)(C)C)cc1,1.801,649.291,19.372,17.303,19.91,12.054,9.665,13.593,9.323,14.431,16.998,26,21.558,8.966,6.77,168.994,6.632,169.588,152.7261,152.6259063
BrC(C[Se]CC(Br)c1ccccc1)c1ccccc1,1.777,427.122,13.502,10.507,15.392,9.271,6.229,10.483,4.294,8.76,0,19,15.311,8.261,5.073,137.964,5.8,138.9,101.5515,101.6514398
[Se](c1ccc(OCC2OC2)cc1)c1ccc(OCC2OC2)cc1,1.29,575.576,15.485,12.643,14.356,11.348,7.718,9.431,5.578,7.984,14.957,23,15.033,6.933,4.723,141.401,0.897,141.493,132.1249,132.2245736
[Se](/C(CC)=C(/Cl)CC)/C(CC)=C(/Cl)CC,4.816,228.348,11.845,9.993,13.218,7.099,5.529,7.998,3.172,6.581,0,15,15.579,8.7,5.448,110.262,5.231,110.545,60.3109,60.41068809
[Se](c1ccc(OC(=O)C(F)(F)F)cc1)c1ccc(OC(=O)C(F)(F)F)cc1,1.972,743.29,20.242,12.928,14.641,12.448,6.91,8.623,4.819,7.226,26.456,27,20.787,8.013,6.296,153.772,2.277,153.607,167.4195,167.5191602
[Se](CCCc1cc(C(C)(C)C)c(O)c(C(C)(C)C)c1)CCCCCCCCCCCC,2.279,571.139,23.33,21.91,23.623,14.57,13.016,15.439,11.437,14.007,10.83,31,28.572,14.64,11.818,200.9,9.381,201.62,142.0302,141.9302541
[Se](CC(Cl)CCCCCC)CC(Cl)CCCCCC,3.299,158.132,14.347,12.804,16.029,9.202,8.061,11.357,5.431,8.92,0,19,20.099,15.488,15.309,137.1,6.683,137.607,49.3965,49.29656568
[Se](CC(Cl)CCCCC)CC(Cl)CCCCC,3.292,137.158,12.933,11.39,14.615,8.202,7.061,10.357,4.724,8.213,0,17,18.099,13.529,13.333,124.371,5.903,124.765,43.5042,43.50354943
[Se](CC(Cl)CCCC)CC(Cl)CCCC,3.272,116.791,11.519,9.976,13.201,7.202,6.061,9.357,4.016,7.506,0,15,16.099,11.581,11.364,111.641,5.122,111.924,37.732,37.73070675
Brc1cc(CCC[Se]CCCC)ccc1O,2.191,314.801,11.803,9.708,13.007,7.736,5.789,9.004,3.855,7.279,0,16,14.082,8.161,5.379,112.928,4.428,113.224,77.1069,77.13536594
[Se](CC(OC)Cc1cc(OC)c(OC)cc1)CC(OC)Cc1cc(OC)c(OC)cc1,1.888,732.134,22.64,19.305,21.018,15.074,10.131,12.554,7.04,9.295,12.208,31,25.341,13.483,7.615,191.83,4.077,192.248,171.6386,171.7383191
[Se](CCN1CCCCC1)CCN1CCCCC1,1.424,166.661,11.761,11.202,12.915,8.449,7.475,9.897,5.417,7.987,0,17,13.862,8.526,5.739,113.272,2.499,113.189,47.9412,47.93591524
[Pt+2].[Se](C)C.[Se](C)C.S([O-])([O-])(=O)=O.O,0,129.47,9.914,7.674,14.189,4.828,2.3,10.485,1.225,5.467,26.541,13,29.293,23.404,746.713,106.908,-0.592,74.267,39.0323,39.13199431
[Se](c1c(-c2ccccc2)n[nH]c1C)c1c(-c2ccccc2)n[nH]c1C,1.78,905.48,17.225,14.076,15.789,12.237,8.124,9.837,5.887,8.028,14.957,25,15.881,6.709,3.042,152.408,2.739,152.689,199.9664,200.8332136
[Hg]C.[Hg]C.[Se],0,7.61,4,3.822,16.531,2,1.414,12.41,0,0,17.069,5,15.657,32.504,21.561,76.887,0.782,61.108,12.5163,12.41674328
[Se](CC#Cc1ccccc1)CC#Cc1ccccc1,1.712,549.225,13.176,10.596,12.309,9.449,6.106,8.528,3.828,5.896,0,19,13.51,8.229,5.497,120.957,3.631,121.068,124.3619,124.3514813
[Se]=P(c1ccccc1)(c1ccccc1)c1ncccc1,2.272,623.293,13.839,10.886,13.493,9.816,6.445,10.45,4.468,10.625,0,20,13.519,5.891,2.43,126.477,2.459,126.694,140.1384,140.2252807
[Se](P(=[Se])(CC)CC)P(=[Se])(CC)CC,4.567,197.544,10.536,8.948,15.876,5.95,4.824,18.007,2.976,37.129,0,13,15.418,6.885,5.333,104.213,2.802,105.007,54.6435,54.54355327
[Se]=P1(N2CCCCCC2)N(C)c2c(c(C)ccc2)-c2c(cccc2C)N1C,2.004,840.926,19.181,16.904,19.511,12.958,9.995,13.858,7.866,13.742,0,27,19.274,7.409,3.021,171.286,5.579,171.812,190.657,190.5570574
[Se]=P(CCCCCCC)(CCCCCCC)CCCCCCC,4.034,232.221,17.228,16.583,19.191,11.182,10.753,15.313,7.472,15.805,0,23,23.949,17.762,16.181,155.75,7.999,156.176,68.2447,68.14507315
[Se].[Ge](c1c(F)c(F)c(F)c(F)c1F)(c1c(F)c(F)c(F)c(F)c1F)c1c(F)c(F)c(F)c(F)c1F.[Ge](c1c(F)c(F)c(F)c(F)c1F)(c1c(F)c(F)c(F)c(F)c1F)c1c(F)c(F)c(F)c(F)c1F,0,2445.39,51.939,30.747,36.656,31.321,16.169,22.464,12.419,21.861,17.069,69,56.413,20.277,8.767,376.984,8.198,361.302,535.2865,357.0599558
[Pr+3].[Pr+3].[Se-2].[Se-2].[Se-2],0,4.855,0,2.379,14.927,0,0,0,0,0,133.79,5,34.708,23.946,17.823,130.065,-1.142,82.584,9.3861,9.486226937
[In]=[Se].[Ga+3].[Cu+2],0,8,2,1.864,10.237,1,0.236,8.216,0,0,36.859,4,16.013,17.683,8.818,68.944,-1.145,70.068,8.0641,8.163801839
[Se](SCSCC=C)SCSCC=C,2.827,115.312,9.778,7.439,12.418,6.414,3.698,12.025,1.858,11.78,0,13,14.399,13.399,13.399,102.822,3.74,103.585,35.4631,35.56342187
[Se](CC1Oc2c(cccc2)C1)CC1Oc2c(cccc2)C1,1.252,535.12,14.071,11.827,13.54,10.382,7.452,9.874,5.641,7.896,0,21,13.238,5.746,2.81,131.174,3.535,131.275,122.8713,122.9713848
[Se](C(COCc1ccccc1)CCl)C(COCc1ccccc1)CCl,1.677,516.924,17.744,14.152,17.376,12.313,8.322,11.369,5.69,9.676,14.957,25,20.768,12.755,8.592,166.522,5.179,167.243,123.2245,123.1504888
[Se]1C2(C(=O)C)C1(C(=O)c1ccccc1)C=CC=C2C(=O)C,2.104,716.811,15.251,11.752,13.465,9.955,6.675,8.388,5.266,8.33,32.307,21,14.179,4.619,1.76,128.82,2.579,128.861,159.5812,159.0602671
[Se](C[Si](OCC)(OCC)OCC)c1ccccc1,2.639,304.253,13.27,11.348,14.061,8.76,6.357,10.356,3.584,9.516,0,18,15.892,8.855,5.222,117.358,2.022,117.367,76.6652,76.56490791
[Se]=P(COB(c1ccccc1)c1ccccc1)(c1ccccc1)CO,1.872,788.589,17.537,13.863,16.47,12.227,8.189,12.564,5.863,13.099,13.264,25,18.387,8.804,4.61,156.753,2.143,157.205,176.9463,177.046004
[Se](CCCc1cc(C(C)(C)C)c(O)cc1)CCCc1cc(C(C)(C)C)c(O)cc1,1.722,729.831,21.656,19.009,20.722,13.481,10.708,13.13,10.022,12.592,10.83,29,23.835,10.046,7.39,183.467,6.799,184.015,170.5998,170.4998023
[Se].[Se].[Se-].[Se-].[Se-].[Se-].[Ge].[Ge].[NH3+]N.[NH3+]N.[NH3+]N.[NH3+]N,0,22.49,8,8.587,23.062,4,1.633,1.633,0,0,137.606,16,114.093,400.57,338.115,181.76,-10.638,0,21.8638,21.96354694
[Se]=P(c1ccc(F)cc1)(c1ccc(F)cc1)c1ccc(F)cc1.[Se]=P(c1ccc(F)cc1)(c1ccc(F)cc1)c1ccc(F)cc1,0,1627.69,32.899,23.835,29.05,21.994,13.769,21.779,10.077,22.507,34.903,46,34.142,14.699,7.504,278.139,6.963,279.879,359.4667,359.5668627
[Se]=P(C1CCCCC1)(C1CCCCC1)c1ccc(C(C)C)cc1,1.942,511.465,16.286,14.968,17.575,11.12,9.82,13.964,8.039,15.238,0,23,17.975,8.032,3.887,150.605,6.202,151.032,122.1477,122.247652
[Se](CC(Cl)COc1c2c(ccc1)cccc2)CC(Cl)COc1c2c(ccc1)cccc2,1.198,1034.579,21.468,17.047,20.272,15.204,10.275,13.571,7.309,10.798,10.754,31,22.299,11.109,6.082,199.156,7.206,200.212,230.4308,230.5310721
[Se]1SSSSSSS1,2,28.349,5.657,3.266,10.695,4,1.333,14.196,0.544,18.732,0,8,9.061,6.666,4.734,79.044,4.157,80.269,14.2208,14.32116092
[Se-2].[Se-2].[Se-2].[AsH6+3].[AsH6+3],0,4.855,0,1.225,6.364,0,0,0,0,0,87.113,5,47.785,30.04,20.387,86.028,-5.116,35.907,4.643,4.743137718
[Se](P(=[Se])(CCc1ccccc1)CCc1ccccc1)P(=[Se])(CCc1ccccc1)CCc1ccccc1,1.541,1095.226,25.815,21.323,28.251,18.02,13.052,26.236,9.548,42.96,0,37,29.285,15.182,10.416,244.442,7.694,246.577,249.5985,249.4985771
[Se](c1ccc(C(=O)C)cc1)c1ccc(C(=O)C)cc1,2.12,542.151,13.828,10.844,12.557,9.059,5.959,7.672,4.263,6.67,26.523,19,13.725,5.961,3.63,118.552,1.747,118.541,123.4067,123.3086883
[Se]=[P+](CCc1ccccc1)CCc1ccccc1,1.729,433.465,12.632,10.457,13.065,8.843,6.344,10.272,4.4,9.509,6.168,18,13.686,7.641,4.863,118.075,4.037,118.222,101.3708,101.2713129
Ic1c([Se]c2c(I)cccc2)cccc1,2.302,425.184,10.673,7.783,13.811,7.271,4.441,8.311,2.963,7.561,0,15,11.892,5.66,3.186,123.293,2.551,124.734,98.4876,98.38738722
[Se]([Si](Cc1ccccc1)(C)C)[Si](Cc1ccccc1)(C)C,2.006,498.446,15.347,13.596,17.309,9.864,7.644,19.014,6.946,33.275,0,21,16.758,7.103,5.953,136.61,4.665,137.104,118.5868,118.4867406
BrC([Si](C)(C)C)=C[Se]C=C(Br)[Si](C)(C)C,4.435,244.127,12.276,10.319,17.204,6.549,4.927,15.491,5.568,20.378,0,15,16.393,6.359,7.342,119.422,4.918,120.407,65.6813,65.78099466
[Se](C(Cl)C(Cl)Cl)C(Cl)C(Cl)Cl,3.657,94.755,9.017,4.985,11.234,4.947,2.447,7.044,1.507,8.651,23.508,11,13.259,6.675,6.346,101.934,3.428,102.786,29.6328,29.73306834
[Se](CC1OCCSC1)CC1OCCSC1,1.528,152.805,10.347,8.853,12.199,7.449,5.414,10.146,3.673,8.228,0,15,12.593,7.462,4.882,106.766,1.791,107.026,43.4586,43.25979147
[Se](CCCCCCCCCCCC)CCCc1cc(C)c(O)c(C)c1,1.892,432.401,18.33,16.91,18.623,12.147,10.516,12.939,7.476,10.046,0,25,22.58,14.682,10.979,162.71,7.403,163.095,108.2439,108.1437093
[Se](CC(N)(c1ccc(O)cc1)C)CC(N)(c1ccc(O)cc1)C,1.97,579.576,17.088,13.49,15.203,10.705,7.452,9.874,6.421,8.489,26.456,23,17.827,6.933,4.723,143.227,2.687,143.358,134.2361,134.2533534
[Se]([Si](C)(C)C)[c-]1cccc1.[Fe+2].[cH-]1cccc1,0,315.181,11.148,9.958,13.775,7.078,5.152,11.987,4.297,18.709,17.069,16,15.956,8.107,8.148,116.27,2.973,86.434,77.2513,77.1513583
[Se]=P(c1c(OC)cccc1)(c1c(OC)cccc1)c1ccccc1,2.368,826.072,16.993,13.678,16.285,11.713,7.644,11.649,5.289,11.435,0,24,17.046,7.402,2.958,150.214,3.081,150.575,184.1628,184.1785345
[Se]=P(c1c(C(C)C)cccc1C(C)C)(c1ccccc1)c1ccccc1,2.439,841.705,18.734,16.016,18.623,12.458,9.306,13.311,7.375,13.521,0,26,19.373,8.096,3.54,165.447,5.311,166.041,189.923,189.8225935
BrCC([Se]C(Cc1cc(OC)c(OC)cc1)CBr)Cc1cc(OC)c(OC)cc1,2.059,708.973,21.225,17.244,22.129,14.074,9.272,13.493,6.476,11.139,0,29,24.389,12.733,7.092,196.608,5.577,197.861,166.3301,166.4297957
[Se](Cc1cc(C(C)(C)C)c(O)c(C(C)(C)C)c1)Cc1cc(C(C)(C)C)c(O)c(C(C)(C)C)c1,2.391,838.403,25.569,23.026,24.739,14.725,12.041,14.464,13.572,15.64,21.66,33,27.801,9.308,6.796,208.926,7.692,209.698,197.1703,197.0701423
[Se]=P12c3c(cccc3)[B-](c3ccccc3)(c3c1cccc3)c1c2cccc1.[Se]=P12c3c(cccc3)[B-](c3ccccc3)(c3c1cccc3)c1c2cccc1.[N+]12(CCCC1)CCCC2.[N+]12(CCCC1)CCCC2,0,2912.677,48.438,41.704,46.919,35.402,27.331,35.342,22.425,34.648,0,72,47.424,18.82,7.039,444.32,4.918,335.291,637.2079,637.1078815
[Se](C1SCN(C)CS1)C1SCN(C)CS1,1.681,173.081,10.673,8.919,13.898,7.237,4.728,10.901,3.609,13.7,0,15,13.275,6.687,4.544,115.575,1.911,116.367,48.5028,48.60308912
[Se](c1cc(C(F)(F)C(F)(F)C(F)(F)C(F)(F)C(F)(F)C(F)(F)C(F)(F)C(F)(F)F)cc(C(F)(F)C(F)(F)C(F)(F)C(F)(F)C(F)(F)C(F)(F)C(F)(F)C(F)(F)F)c1)CCCC,4.292,1594.688,49.682,27.612,29.325,26.142,14.357,16.425,11.985,14.436,6.421,61,56.377,15.234,7.573,318.639,13.166,318.371,359.9787,360.0783397
[Se](c1c2c([nH]c1C)cccc2)c1c2c([nH]c1C)cccc2,1.905,868.33,14.397,12.027,13.74,10.237,7.063,8.776,5.351,7.493,0,21,12.756,4.798,2.011,129.281,2.921,129.421,189.8564,189.7560273
[Se](C([N+]([O-])=O)([N+]([O-])=O)[N+]([O-])=O)c1ccccc1,3.206,427.898,13.052,8.086,9.799,7.908,4.085,5.798,2.76,5.327,4.462,17,13.006,4.849,2.373,100.036,-0.543,99.549,97.9497,97.84926866
[Se]=P(c1ccc(OC)cc1)(c1ccc(OC)cc1)c1ccc(OC)cc1,2.165,781.058,18.571,15.008,17.616,12.611,8.155,12.16,5.703,11.919,0,26,18.79,8.138,3.591,161.693,3.09,162.105,176.8106,176.7502685
[Se](C[Si](OCC)(OCC)OCC)C[Si](OCC)(OCC)OCC,4.824,225.954,17.607,15.515,19.228,11.071,8.484,14.77,4.457,13.989,14.957,23,23.713,13.943,9.106,149.947,2.702,150.19,66.7753,66.87519906
[Se]=P(CCCC)(c1ccccc1)c1ccccc1,2.449,475.808,12.847,10.75,13.358,8.771,6.474,10.665,4.488,11.371,0,18,13.813,6.525,3.037,117.66,3.539,117.807,110.2396,110.3397063
[Sn].[Sn].[Se],0,2.755,0,1.408,8.83,0,0,0,0,0,64.884,3,19.353,8.925,4.117,64.121,-1.142,0,5.5292,5.628935517
[Se](c1ccc(N(C)C)cc1)c1cc(C(F)(F)F)ccc1,2.176,576.418,14.751,11.108,12.821,9.359,5.986,7.699,4.516,6.922,14.957,20,14.948,5.897,3.777,122.12,2.426,122.005,130.7802,130.9253229
[Se]=P(Cc1ncccc1)(c1ccccc1)c1ccccc1,2.098,698.447,14.546,11.593,14.2,10.289,6.891,11.082,4.89,11.642,0,21,14.476,6.536,3.244,132.842,3.334,133.115,156.0002,156.0998374
[Se](c1cc(C(F)(F)F)ccc1)c1ccccc1,2.232,491.518,12.303,8.738,10.451,8.055,4.957,6.67,3.441,5.847,14.957,17,12.213,4.944,3.351,103.631,2.36,103.389,110.9384,110.9011836
Br/C(Cl)=C(/Cl)c1ccc([Se])cc1,3.06,301.339,9.138,5.852,10.662,5.609,3.092,5.498,2.099,5.093,0,12,10.619,4.686,2.79,97.881,2.979,98.409,70.987,71.57467141
[Se](CC(OCC)(c1ccc(Cl)cc1)C)CC(OCC)(c1ccc(Cl)cc1)C,2.126,643.758,19.916,16.428,19.653,12.826,9.205,12.384,6.834,9.775,11.202,27,22.746,10.298,6.221,179.252,6.738,180.085,151.3367,151.2366282
Br/C([Si](C)(C)C)=C/[Se]/C([Si](C)(C)C)=C/Br,4.643,272.127,12.276,10.319,17.204,6.587,4.924,15.479,5.557,20.401,0,15,16.393,6.359,6.639,119.422,4.918,120.407,71.3021,71.20200841
[Se](CC(Cl)COCc1ccccc1)CC(Cl)COCc1ccccc1,1.478,516.924,17.744,14.152,17.376,12.237,8.33,11.625,5.733,9.223,10.754,25,20.768,12.755,9.65,166.522,5.176,167.243,123.2046,123.3047866
[Se](/C=C(\Cl)C[Si](C)(C)C)/C=C(/Cl)C[Si](C)(C)C,4.203,268.608,13.69,11.733,16.958,7.495,5.841,15.989,6.74,20.221,0,17,18.013,7.566,13.248,125.023,5.527,125.69,71.4211,71.52077817
[Se]=P(CCSc1ccccc1)(CCSc1ccccc1)CCSc1ccccc1,1.52,754.719,20.203,16.483,21.54,14.235,9.842,17.359,6.713,18.552,0,29,23.325,13.153,9.131,195.816,7.464,197.318,174.5199,174.4200368
[Se](C[C@@](N)(c1ccc(O)cc1)C)C[C@@](N)(c1ccc(O)cc1)C,1.97,579.576,17.088,13.49,15.203,10.705,7.452,9.874,6.421,8.489,26.456,23,17.827,6.933,4.723,143.227,2.687,143.358,134.2361,134.2533534
[Se](=[Se])C([Se]=[Se])([Se]=[Se])[Se]=[Se],4.534,107.137,7.328,3.766,17.471,4.243,1.483,22.243,0.833,22.5,0,9,13.156,7.55,4.804,103.538,-2.832,106.01,34.3211,67.58189276
[Se](CCCCCCCCCCCC)CCCc1ccc(O)cc1,1.77,360.609,16.59,15.064,16.777,11.326,9.683,12.106,6.564,9.134,0,23,20.584,15.09,12.608,149.98,6.787,150.254,91.6899,91.79023272
[Se]=[P+](c1ccccc1)c1ccccc1.[Se]=[P+](c1ccccc1)c1ccccc1,0,849.179,19.606,15.258,20.473,13.754,8.902,16.018,5.931,13.771,12.335,28,21.233,11.504,6.267,183.862,4.406,185.077,192.0573,191.9574142
[Se]=P(c1c(OC)cc(OC)cc1)(c1c(OC)cc(OC)cc1)c1ccccc1,2.35,945.174,20.148,16.339,18.947,13.577,8.69,12.695,6.02,12.166,0,28,20.541,8.875,3.707,173.171,3.098,173.635,211.3233,210.9669096
BrC(Cc1cc(OC)c(OC)cc1)C[Se]CC(Br)Cc1cc(OC)c(OC)cc1,1.787,708.973,21.225,17.244,22.129,13.998,9.279,13.533,6.519,11.364,0,29,24.389,12.733,7.707,196.608,5.574,197.861,166.3029,166.2025523
[Se](C(=O)/C=C(/CCC=C(C)C)C)C(=O)/C=C(/CCC=C(C)C)C,4.347,477.845,17.828,15.363,17.076,10.701,8.072,9.785,6.362,8.478,9.363,23,21.819,12.268,14.16,147.518,5.129,147.731,116.0353,115.9350461
[Se]=P(C(C)(C)C)(C(C)(C)C)CNc1c(NCP(=[Se])(C(C)(C)C)C(C)(C)C)cc(C(F)(F)F)c(C(F)(F)F)c1,3.841,976.922,30.552,24.548,29.763,16.401,12.388,20.768,13.771,30.576,31.999,38,36.325,11.181,7.769,240.246,9.859,241.457,229.6348,229.5346964
[Se]=P1(Nc2c([N+]([O-])=O)cccc2)OCC(C)(C)CO1,2.181,535.252,14.096,10.659,13.267,8.814,5.722,9.563,5.095,9.855,11.102,19,14.693,5.348,3.647,118.621,2.926,118.5,122.3944,122.494505
[Sn](C)(C)C.[Se]c1ccccc1,0,169.423,8.69,7.295,11.862,5.126,3.615,13.034,2.813,12.364,0,11,11.538,7.201,10.538,84.948,1.851,85.385,45.3406,45.24046006
[Se]=P(Nc1ccccc1)(c1ccccc1)c1ccccc1,2.098,698.447,14.546,11.516,14.123,10.289,6.835,10.841,4.758,10.681,0,21,14.351,6.451,3.192,132.863,3.766,133.137,155.9309,156.0306553
[Se]=P1(N(C(C)C)C(C)C)N(C)c2c(c3c(cc2)cccc3)-c2c(ccc3c2cccc3)N1C,1.983,1307.959,23.491,20.28,22.888,15.763,11.676,15.54,9.49,15.262,0,33,22.689,8.291,3.309,204.925,7.511,205.787,288.3934,288.3277259
[Se]([C@@H]1O[C@H](COC(=O)C)[C@H](OC(=O)C)[C@H](OC(=O)C)[C@H]1OC(=O)C)[C@@H]1O[C@H](COC(=O)C)[C@H](OC(=O)C)[C@H](OC(=O)C)[C@H]1OC(=O)C,2.689,1113.82,35.585,26.944,28.658,21.886,14.155,16.133,10.271,12.792,0,47,39.378,17.933,12.386,275.289,-1.143,275.876,258.815,258.7153121
BrC(CCCC)C[Se]CC(Br)CCCC,3.272,116.791,11.519,9.976,14.861,7.202,6.061,10.315,4.016,8.862,0,15,16.479,11.95,11.738,118.769,5.435,119.482,38.562,38.59601488
BrCC([Se]C(CCCCCC)CBr)CCCCCC,3.755,158.132,14.347,12.804,17.689,9.278,8.053,12.274,5.387,10.051,0,19,20.479,15.861,12.9,144.229,6.998,145.165,50.2721,50.81729927
[Se](CC(OCC)c1ccccc1)CC(OCC)c1ccccc1,1.917,480.353,16.33,13.981,15.694,11.347,8.256,10.678,5.247,7.502,12.208,23,18.221,10.616,6.117,145.916,5.083,146.129,114.6007,114.4635509
[Se](CCCCCCCCCCCC)CCCc1cc(C(C)(C)C)c(O)cc1,1.991,489.588,19.96,18.487,20.2,12.948,11.35,13.772,8.999,11.569,5.415,27,24.577,14.525,11.862,175.44,8.084,175.937,121.5995,121.6620683
[Se]=[P+](CCc1cc2c(cc1)cccc2)CCc1cc2c(cc1)cccc2,1.337,982.397,17.769,14.767,17.374,12.776,9.153,13.081,6.792,11.9,6.168,26,17.624,8.275,4.303,163.438,6.344,164.032,216.5376,216.4373661
[Se](C([N+]([O-])=O)([N+]([O-])=O)[N+]([O-])=O)C([N+]([O-])=O)([N+]([O-])=O)[N+]([O-])=O,6.469,433.873,17.171,8.991,10.704,9.367,3.941,5.654,2.792,5.519,0,21,17.919,5.501,2.486,115.303,-2.427,114.553,101.5212,101.4206935
[Se](c1ccc(OC)cc1)C(F)(F)C(F)(F)F,2.802,345.912,12.397,8.016,9.729,7.26,4.037,5.75,2.792,5.285,4.462,16,13.255,4.59,3.089,94.748,2.18,94.23,81.2526,81.48500628
[SnH8+4].[SnH8+4].[Se-2].[Se-2].[Se-2].[Se-2].[Se-2].[Se-2].[NH3+]N.[NH3+]N.[NH3+]N.[NH3+]N.NN.NN.NN,0,27.295,14,11.051,21.33,7,2.633,2.633,0,0,150.227,22,133.01,850.369,750.351,228.689,-18.465,47.815,24.7444,24.84424145
[Mo].[Se-2].[N-](C(C)(C)C)c1cc(C)cc(C)c1.[N-](C(C)(C)C)c1cc(C)cc(C)c1.[N-](C(C)(C)C)c1cc(C)cc(C)c1,0,987.196,30.181,28.354,32.074,17.598,14.038,14.038,13.886,13.886,54.751,41,41.403,17.4,20.737,277.76,11.938,0,233.8721,233.7721363
[Se](/C(C(OC)=O)=C/Cl)/C(C(OC)=O)=C/Cl,4.687,281.764,11.845,7.952,11.177,7.099,3.555,6.141,2.032,4.742,8.943,15,14.519,7.765,4.709,103.352,1.197,103.393,69.1443,69.04441271
[Se](c1cc2c(cc1)ccc(OC)c2)c1cc2c(cc1)ccc(OC)c2,1.684,970.941,17.225,14.153,15.866,12.246,8.085,9.798,5.852,8.258,14.957,25,16.013,6.794,3.344,153.089,3.665,153.414,213.1183,213.2182386
[Se-]SC[C@H](NC(=O)CC[C@H](N)C([O-])=O)C(=O)NCC([O-])=O,4.345,408.254,16.414,10.826,13.356,9.773,5.757,8.765,3.959,6.011,18.594,21,19.709,10.438,9.293,131.823,-4.989,131.806,98.0179,98.11749715
[Se](n1nnc2c1cccc2)n1nnc2c1cccc2,1.824,792.558,12.656,9.71,11.423,9.416,5.714,7.246,3.984,5.778,15.393,19,10.661,4.151,1.711,114.147,1.107,114.011,172.0863,172.1864118
[Se]=P1(OCC(CCC)(COC(=O)CCCCCCCCCCCCCCCCC)COC(=O)CCCCCCCCCCCCCCCCC)OCCCO1,2.323,871.954,39.975,36.497,39.105,26.884,23.733,27.492,16.712,21.195,31.759,55,52.788,38.002,32.324,348.018,14.682,194.704,220.7669,220.6670117
[Se]=P(C(P(c1ccccc1)c1ccccc1)=C)(c1ccccc1)c1ccccc1,1.938,1041.473,20.106,16.057,19.559,14.209,9.521,14.867,6.703,15.538,0,29,20.28,9.212,4.16,181.854,5.343,182.708,230.7225,231.6332023
[Se](CC(N)Cc1ccc(O)cc1)CC(N)Cc1ccc(O)cc1,1.668,533.476,16.656,13.059,14.772,11.025,7.674,10.097,5.799,8.054,23.583,23,17.827,8.942,6.629,143.227,2.078,143.358,124.4684,124.5583706
[Se](C(CCCC)COC)C(CCCC)COC,4.023,137.158,12.933,12.036,13.749,8.278,6.912,8.891,4.575,7.944,0,17,17.439,12.885,10.081,113.991,3.941,113.869,43.4027,43.3028662
BrCC([Se]C(COC)CBr)COC,3.727,104.317,10.104,7.964,12.849,6.278,4.033,8.254,2.599,7.263,0,13,14.399,9.936,7.343,103.537,2.35,104.017,33.8774,33.77738879
[Se](c1cc(C)c(O)c(C)c1)c1cc(C)c(O)c(C)c1,2.364,531.131,14.154,11.612,13.325,8.88,6.165,7.878,4.913,7.32,14.957,19,13.979,5.278,2.939,119.817,1.986,119.807,122.0161,122.1154506
[Se](CC(N)c1ccc(F)cc1)CC(N)c1ccc(F)cc1,1.803,505.995,15.242,11.507,13.22,10.059,6.659,9.081,4.854,7.109,38.675,21,16.116,7.664,4.899,129.24,3.205,129.219,117.1647,117.2647499
[Se]=P(c1c(C(C)C)cccc1C(C)C)(c1c(C(C)C)cccc1C(C)C)c1ccccc1.[Se]=P(c1c(C(C)C)cccc1C(C)C)(c1c(C(C)C)cccc1C(C)C)c1ccccc1,0,2154.361,47.258,42.031,47.246,30.202,24.051,32.061,20.268,32.421,0,64,52.192,22.344,10.66,405.904,15.115,409.131,485.485,485.3850531
[Se](CC(Cl)Cc1cc(OC)c(OC)cc1)CC(Cl)Cc1cc(OC)c(OC)cc1,1.787,708.973,21.225,17.244,20.469,13.998,9.279,12.575,6.519,10.009,10.754,29,24.013,12.438,7.491,189.479,5.262,190.303,165.4729,165.501394
[Se]=P(C(C)(C)C)(C(C)(C)C)CNc1c(NCP(=[Se])(C(C)(C)C)C(C)(C)C)ccc(C(F)(F)F)c1,3.487,924.824,27.182,22.991,28.206,14.779,11.654,20.035,13.091,29.895,20.624,34,32.538,10.345,7.082,221.385,8.84,222.612,216.7675,212.9358169
[Cd]=[Se].[Cd]=S.[Zn]=S,0,16.265,6,3.346,17.732,3,0.866,20.372,0,0,0,6,16.207,39.58,26.122,90.859,0.908,93.196,15.2574,15.35760094
[Se]([As]=[Se])[As]=[Se],2.653,34.158,4.121,2.119,11.012,2.414,0.73,19.718,0.231,32.369,0,5,7.675,6.675,6.675,59.692,-1.904,60.777,14.6868,14.58719598
[Cd]=[Se].[Cd]=S,0,8,4,2.231,12.833,2,0.577,15.872,0,0,0,4,9.77,17.574,8.819,65.086,0.262,66.526,10.1089,10.00890816
[Lu+3].[Lu+3].[Se-2].[Se-2].[Se-2],0,4.855,0,1.741,10.194,0,0,0,0,0,124.956,5,35.871,24.444,17.981,121.763,-1.142,73.75,6.7644,6.864643079
[Nd+3].[Nd+3].[Se-2].[Se-2].[Se-2],0,4.855,0,2.225,13.78,0,0,0,0,0,132.884,5,34.815,23.991,17.837,129.214,-1.142,81.678,8.751,8.650911569
[75Se](CCN1CCOCC1)CCN1CCOCC1,1.424,174.945,11.761,10.604,12.318,8.449,6.629,9.052,4.52,7.09,0,17,13.783,8.459,5.685,110.769,0.192,110.565,49.0603,49.16055153
[Se-2].[Se-2].[Se-2].[Sc+3].[Sc+3],0,4.855,0,2.379,11.125,0,0,0,0,0,102.893,5,40.627,26.611,18.832,100.972,-1.147,51.687,7.4851,7.483394763
[Pt+2].[Se](C)C.[Se](C)C.[Cl-].[Cl-],0,18.529,5.414,5.889,13.099,2.828,1.633,8.485,0.816,4.243,45.879,9,30.197,48.126,133.617,98.095,-4.421,74.267,14.2351,14.13516429
[In]=[Se].[Se].[Cu],0,6,2,1.695,9.359,1,0.236,8.216,0,0,34.137,4,16.116,18.051,8.826,66.36,-1.145,33.209,7.1575,7.257466585
[In]=[Se].[In]=[Se].[Se],0,6.855,4,2.379,14.11,2,0.471,16.432,0,0,17.069,5,15.746,26.611,18.832,81.565,-1.904,66.417,10.5776,10.55063325
[Se]=P1(Cl)Oc2c(cccc2)-c2c(cccc2)O1,2.318,577.908,11.88,8.669,12.032,8.157,5.03,9.776,3.606,10.557,0,17,11.374,4.187,2.165,111.69,4.21,111.858,128.861,128.7610322
[se]1p2[se][se]p1[se][se]2,3.179,202.421,4.69,2.936,13.29,3.449,1.429,26.076,0.827,64.192,0,7,6.88,3.066,1.611,67.625,-0.182,68.918,50.0285,50.12884581
[Se]([As](=[Se])=[Se])[As](=[Se])=[Se],3.773,134.519,5.862,2.936,15.254,3.126,1.095,29.577,0.529,74.197,0,7,10.714,6.426,9.714,78.633,-2.666,80.664,37.8411,59.83852681
[Se](c1c2c([nH]c1)cccc2)c1c2c([nH]c1)cccc2,1.824,785.087,12.656,10.182,11.895,9.416,6.218,7.931,4.499,6.773,0,19,10.916,4.302,1.789,116.551,2.304,116.579,171.0169,170.917083
[se]1p2p3[se]p1[se]p23,3.26,284.759,4.431,3.014,11.731,3.449,1.695,22.476,1.227,59.722,0,7,5.414,1.672,0.653,59.491,2.302,60.134,65.6782,65.57828819
[Bi]=[Te].[Bi]=[Te].[Te],0,6.855,4,2.119,16.064,2,0.365,21.494,0,0,23.667,5,16.062,24.221,17.907,94.872,-1.904,74.195,11.4506,11.55073231
[Se]=P1(c2ccccc2)CC[Si](C)(C)CC1,2.209,371.868,10.941,9.571,13.178,7.019,5.656,13.446,5.336,18.254,0,15,11.86,4.335,2.739,101.708,3.135,101.823,88.2942,88.22130193
[Se](c1c(C(F)(F)C(F)(F)C(F)(F)C(F)(F)C(F)(F)C(F)(F)C(F)(F)C(F)(F)F)cc(C(F)(F)C(F)(F)C(F)(F)C(F)(F)C(F)(F)C(F)(F)C(F)(F)C(F)(F)F)cc1)CCCC,4.293,1710.938,49.682,27.612,29.325,26.159,14.363,16.431,11.95,14.335,6.421,61,56.377,15.234,7.474,318.639,13.166,305.2,383.2288,383.1283511
[Sn](CCCC)(CCCC)CCCC.[Sn](CCCC)(CCCC)CCCC.[Se],0,174.382,19.883,20.136,27.557,12.692,12.364,24.473,8.121,25.246,17.069,27,33.747,30.311,28.117,199.697,9.382,184.732,62.6742,62.77450414
Brc1ccc([Se]c2ccccc2)cc1,2.155,394.427,9.803,7.482,10.781,6.843,4.329,6.835,2.869,6.191,0,14,9.974,4.788,2.712,98.637,2.104,98.88,90.4251,90.6401547
[Se](C1C2(SCCCS2)CCCCCCCCCC1)c1ccccc1,1.749,456.166,16.504,14.881,18.227,11.891,9.887,13.703,7.149,12.936,0,24,19.208,10.555,5.727,163.421,6.286,164.304,111.4252,111.3249399
[Se]([Si](CCCCCCCC)(C)C)[Si](CCCCCCCC)(C)C,3.816,238.367,17.607,17.308,21.021,10.828,10.53,21.899,8.657,35.279,0,23,23.953,14.157,16.184,155.605,7.822,156.21,70.7708,70.87087279
[Se](SC[C@H](NC(=O)CC[C@H](N)C(O)=O)C(=O)NCC(O)=O)SC[C@H](NC(=O)CC[C@H](N)C(O)=O)C(=O)NCC(O)=O,5.049,901.015,31.535,21.401,24.747,19.132,11.591,17.609,8.067,15.286,37.189,41,37.899,20.727,18.795,245.682,-4.258,246.544,211.1023,211.0022491
[Se](C1=C(O)CC(C)(C)CC1=O)C1=C(O)CC(C)(C)CC1=O,2.297,516.826,16,12.948,14.661,9.506,7.092,8.805,7.536,9.677,33.915,21,16.312,5.291,3.584,131.015,3.008,130.995,120.9046,121.0044641
[Se](C1C(C)OC(CCc2ccccc2)OC1)c1ccccc1,1.474,558.163,15.2,12.852,14.565,10.81,7.838,9.683,5.598,8.352,12.394,22,15.763,7.937,4.437,138.545,3.199,138.702,128.7633,128.7185691
[Se]([Se]CCCCCCC)CCCCCCC,2.828,101.303,11.899,11.302,14.728,7.914,7.158,13.914,4.472,12.314,0,16,17.039,16.039,15.039,114.597,5.087,114.957,35.9979,36.09838347
[Se](CCSc1ccccc1)CCSc1ccccc1,1.488,401.321,13.176,10.827,14.173,9.449,6.384,10.778,3.935,8.842,0,19,15.056,9.546,6.577,130.475,5.112,131.079,95.7831,95.68301287
[Se](C(F)(F)C(F)(F)F)C(F)(F)C(F)(F)F,4.894,198.557,12.707,6.188,7.901,6.207,2.798,4.511,2.131,4.711,0,15,14.819,3.687,3.403,81.77,3.001,80.855,50.4386,50.33829879
[In].[Se].[Se].[Cu],0,6,0,1.695,9.359,0,0,0,0,0,77.049,4,32.121,18.051,8.826,76.063,-1.145,0,6.5575,6.457236563
[Sb].[Sb].[Se].[Se].[Se],0,4.855,0,2.119,12.364,0,0,0,0,0,100.062,5,41.561,27.051,19.023,98.296,-1.904,0,8.0006,8.100939347
[Pt](=[Se])=[Se],3.266,23.774,2.707,1.133,6.831,1.414,0.258,10.982,0.053,11.648,0,3,4.727,3.727,3.727,38.647,-0.764,38.902,9.7622,10.067415
[Se](Cc1c2c([nH]c1)cccc2)Cc1ccccc1,1.668,627.652,12.209,10.096,11.809,8.933,6.1,8.522,4.338,6.406,0,18,11.582,5.429,2.502,113.39,3.572,113.403,139.3028,139.4026817
[Se](c1c2c(n(C)c1)cccc2)c1c2c(n(C)c1)cccc2,1.871,868.33,14.397,12.076,13.789,10.237,6.998,8.711,5.345,7.619,0,21,12.756,4.798,2.011,129.701,2.325,129.841,189.8971,189.8890138
[Se](CCN1CCOCC1)CCN1CCOCC1.Cl.Cl,0,184.168,11.761,11.421,14.767,8.449,6.629,9.052,4.52,7.09,24.814,19,19.939,12.663,8.738,135.075,1.035,110.565,52.3138,52.41390179
[Se](c1ccc(C(F)(F)F)cc1)c1ccccc1,2.143,474.268,12.303,8.738,10.451,8.055,4.957,6.67,3.437,5.844,14.957,17,12.213,4.944,3.351,103.631,2.36,103.389,107.4795,107.4743235
[Se](c1ccc(OC)cc1)c1ccc(OC)cc1,2.078,417.086,12.088,9.844,11.557,8.313,5.276,6.989,3.453,5.859,0,17,12.028,5.759,3.256,107.726,1.359,107.604,96.9675,96.96188923
[Se].[Cu].[Cu],0,2.755,0,1.011,4.608,0,0,0,0,0,51.206,3,23.766,9.59,3.558,51.155,-0.386,0,3.2594,3.23743635
[Hg]=[Se],2,2,2,1.115,8.326,1,0.289,13.162,0,0,0,2,3.455,2.455,0.142,34.305,-0.383,34.446,5.809,5.801869564
[Cd]=[Se],2,2,2,1.115,6.865,1,0.289,10.062,0,0,0,2,3.442,2.442,0.135,34.074,-0.383,34.195,5.0785,4.978338223
[Ag+].[Ag+].[Se-2],0,2.755,0,1.011,5.689,0,0,0,0,0,61.829,3,20,9,4,61.231,-0.386,44.761,3.7999,3.899550533
[Se]=[Ge]=[Se],3.266,23.774,2.707,1.316,6.841,1.414,0.408,11.023,0.083,11.691,10.633,3,4.582,3.582,3.582,37.644,-1.142,37.721,9.8404,9.828187875
[Se-2].[Cu+2],0,2,0,0.71,3.364,0,0,0,0,0,34.137,2,11.704,2.039,0.001,34.56,-0.383,17.069,2.366,2.189572865
[Se](C)C,1.633,2.755,2.707,2.408,4.121,1.414,0.816,4.243,0.408,2.121,0,3,3.519,2.519,2.519,27.385,0.787,26.601,4.5501,4.449655918
[Se-2].[Na+].[Na+],0,2.755,0,2.408,8.121,0,0,0,0,0,76.183,3,17.76,8.819,4.519,74.791,-6.373,59.115,5.5747,5.6746143
[SnH6+2].[Se-2],0,2,0,0.408,2.121,0,0,0,0,0,40.976,2,10.262,2.318,0.077,41.043,-2.368,23.908,1.6237,1.723273355
[Sn](=[Se])=[Se],3.266,23.774,2.707,1.316,7.597,1.414,0.408,14.23,0.083,15.093,15.472,3,4.838,3.838,3.838,39.484,-1.142,39.891,10.2184,10.31848554
[Se]=C=S,3.266,25.774,2.707,1.316,3.846,1.414,0.408,1.673,0.083,1.299,0,3,3.519,2.519,2.519,32.197,-0.011,31.661,8.7429,8.643237345
[Se]=[Mn],2,2,2,0.786,3.68,1,0.154,3.306,0,0,0,2,3.039,2.039,0.001,27.729,-0.383,27.306,3.3544,3.260420822
[Se-2].[K+].[K+],0,2.755,0,2.408,10.368,0,0,0,0,0,119.838,3,15.846,9.25,5.792,115.809,-6.373,102.769,6.6982,6.798623661
[Se-2].[Se-2].[Se-2].[AlH3+3].[AlH3+3],0,4.855,0,1.225,6.364,0,0,0,0,0,85.928,5,48.594,30.434,20.572,84.902,-3.51,34.722,4.643,4.550884959
[Se](c1ccccc1)c1ccccc1,2.161,315.899,8.933,7.182,8.895,6.449,4.23,5.943,2.728,5.135,0,13,8.553,4.268,2.447,84.769,1.342,84.544,73.3961,73.33266106
[Se]=[Ni],2,2,2,0.724,3.425,1,0.129,2.766,0,0,0,2,3.013,2.013,0,27.372,-0.383,26.922,3.2021,3.111640027
[Se-2],0,0,0,0.408,2.121,0,0,0,0,0,17.069,1,1.519,0.444,4.219,17.964,-0.381,0,1.2237,1.123718619
[Se]=[Zn],2,2,2,1.115,5.796,1,0.289,7.794,0,0,0,2,3.143,2.143,0.018,29.218,-0.383,28.918,4.544,4.661112469
[SnH2]=[Se],2,2,2,1.115,6.865,1,0.289,10.062,0,0,0,2,3.318,2.318,0.077,31.966,-1.297,31.899,5.0785,5.178393843
[PbH2]=[Se],2,2,2,1.115,8.326,1,0.289,13.162,0,0,0,2,3.442,2.442,0.135,34.074,-1.297,34.195,5.809,5.909302632
[Se]=P12N(C)CC(C)(CN1C)CN2C,2.421,239.769,9.853,8.818,11.426,5.883,4.634,8.497,4.771,10.93,0,13,10.351,2.912,1.315,88.442,0.661,88.186,60.392,60.40973343
[Se](CC=C)CC=C,2.68,49.2,5.536,4.391,6.104,3.414,2.21,4.633,1.115,3.37,0,7,6.999,5.999,5.999,51.465,1.899,50.905,16.5772,16.65247886
[Se](SC)SC,2.191,15.119,4.121,3.225,6.571,2.414,1.15,7.646,0.401,8.378,0,5,6.219,5.219,5.219,45.765,1.247,45.587,9.0547,9.154778769
[Se](CC)CC,2.191,11.119,4.121,3.822,5.536,2.414,1.992,4.414,0.781,4.061,0,5,5.519,4.519,4.519,40.115,1.567,39.443,7.976,8.057485495
[Sr]=[Se],2,2,2,1.115,6.305,1,0.289,8.874,0,0,0,2,4,3,0.5,45.421,-0.762,46.619,4.7985,4.76498935
[Se](CCCCCC)CCCCCC,2.758,71.194,9.778,9.479,11.192,6.414,5.992,8.414,3.734,6.303,0,13,13.519,12.519,12.519,91.034,4.688,90.809,26.8356,27.1002164
[Se]=[P+](c1ccccc1)c1ccccc1,2.349,381.089,9.803,7.629,10.236,6.877,4.451,8.009,2.965,6.885,6.168,14,9.801,4.662,2.191,92.615,2.203,92.538,87.5632,87.75154423
[Se]=[As](C)(C)C,3.472,53.029,4.5,3.855,7.445,2,1.524,11.901,1.889,21.76,0,5,6.078,1.686,41.402,41.94,0.99,41.73,17.5675,17.46770598
[Se]([Li])[Li],1.633,2.755,2.707,2.408,4.121,1.414,0.816,4.243,0.408,2.121,0,3,4.714,3.714,3.714,41.9,-1.142,42.131,4.5501,4.649843242
[Se-2].[Mg+2],0,2,0,1.115,4.243,0,0,0,0,0,40.121,2,10.384,2.286,0.063,40.234,-0.762,23.053,2.9675,2.923099453
[Eu]=[Se],2,2,2,0.786,4.924,1,0.154,5.946,0,0,0,2,4.104,3.104,0.579,47.857,-0.381,49.297,3.9764,4.126726834
[Zr](=[Se])=[Se],3.266,23.774,2.707,1.316,7.201,1.414,0.408,12.55,0.083,13.311,17.274,3,4.922,3.922,3.922,40.169,-0.764,40.702,10.0204,10.12047395
[Se]=[Co],2,2,2,0.742,3.496,1,0.136,2.915,0,0,0,2,3.026,2.026,0.001,27.55,-0.383,27.113,3.2448,3.148344103
[Se]=[Fe],2,2,2,0.762,3.579,1,0.144,3.092,0,0,0,2,3.039,2.039,0.001,27.729,-0.383,27.306,3.2943,3.194351652
[Se]([Si](C)(C)C)[Si](C)(C)C,3.746,76.211,7.707,7.408,11.121,3.707,3.408,15.364,4.327,32.865,0,9,9.953,2.909,8.953,66.496,2.36,66.319,26.4526,26.55303739
[Se]=[Ti]=[Se],3.266,23.774,2.707,1.316,6.304,1.414,0.408,8.746,0.083,9.277,13.772,3,4.753,3.753,3.753,38.838,-0.764,39.127,9.5719,9.672068401
[Ag].[Ag].[Se],0,2.755,0,1.011,5.689,0,0,0,0,0,61.829,3,20,9,4,61.231,-0.386,0,3.7999,3.899933167
[Se]=[Cr],2,2,2,0.816,3.805,1,0.167,3.571,0,0,0,2,3.052,2.052,0.003,27.909,-0.383,27.501,3.4289,3.337684516
[Se]=P12OCC(C)(CO1)CO2,2.236,173.786,7.243,5.702,8.309,4.621,3.157,6.916,3.078,7.562,5.415,10,7.477,2.161,1.136,67.5,0.916,67.018,43.589,43.71950202
[Cd].[Se].S,0,4.755,0,1.615,8.365,0,0,0,0,0,57.863,3,21.461,9.206,3.792,57.44,-0.271,0,5.7795,5.672550575
[Se](CC=C)C,2.402,24.829,4.121,3.4,5.113,2.414,1.513,4.438,0.744,2.655,0,5,5.259,4.259,4.259,39.425,1.343,38.753,10.3588,10.45868324
[Tm]=[Se],2,2,2,0.686,4.178,1,0.113,4.363,0,0,0,2,3.753,2.753,0.324,40.044,-0.381,40.72,3.5634,3.440886516
[Se](C=C)C=C,2.653,32.913,4.121,2.977,4.69,2.414,1.288,3.266,0.469,2.439,0,5,4.999,3.999,3.999,38.735,0.978,38.064,11.62,11.71941385
[Se-2].[Mn+2],0,2,0,0.786,3.68,0,0,0,0,0,34.137,2,11.704,2.039,0.001,34.56,-0.383,17.069,2.5544,2.364580602
[Se]=[Ga],2,2,2,0.986,5.121,1,0.236,6.364,0,0,0,2,3.156,2.156,0.021,29.412,-0.762,29.127,4.1549,4.241012248
[Se]=[V]=[Se],3.266,23.774,2.707,1.264,6.087,1.414,0.365,7.823,0.075,8.298,0,3,4.623,3.623,3.623,37.919,-0.764,38.044,9.4426,9.542902599
[Ba]=[Se],2,2,2,1.115,7.269,1,0.289,10.92,0,0,0,2,4.091,3.091,0.569,47.547,-0.762,48.956,5.2805,5.180568625
[Se](C(C)(C)C)C(C)(C)C,3.746,69.721,7.707,7.408,9.121,3.707,3.408,5.121,4.327,9.894,0,9,9.519,2.636,8.519,65.574,3.127,65.126,24.1546,24.25459783
[Se](SCC=C)C,2.488,36.529,4.828,3.808,6.338,2.914,1.68,6.402,0.74,5.224,0,6,6.609,5.609,4.609,48.615,1.573,48.246,13.6952,13.61658625
[Pd+2].[Se-2],0,2,0,0.724,3.992,0,0,0,0,0,37.492,2,10.845,2.182,0.028,37.743,-0.383,20.423,2.6856,2.58976917
[Se]=[Ge]=[Cu],3.266,25.774,2.707,1.21,5.963,1.414,0.355,8.741,0.062,6.852,10.633,3,4.582,3.582,3.582,37.644,-0.764,37.721,9.759,9.5764992
[Se]=[Be],2,2,2,1.115,2.828,1,0.289,1.5,0,0,0,2,2.688,1.688,0.141,23.466,-0.762,22.728,3.06,3.074518618
[Se](Cc1ccccc1)Cc1ccccc1,1.81,341.098,10.347,8.596,10.309,7.449,5.106,7.528,3.464,5.532,0,15,10.476,5.747,3.543,97.499,3.091,97.386,80.0976,80.06267474
[Se](c1ccc(C)cc1)c1ccc(C)cc1,2.147,382.401,10.673,9.027,10.74,7.237,5.051,6.764,3.728,6.135,0,15,10.476,4.653,2.953,97.499,1.958,97.386,88.8776,88.79917885
[Se]=P(C(C)(C)C)(C(C)(C)C)C(C)(C)C,5.688,202.172,12,11.355,13.963,5.75,5.353,9.359,7.122,15.813,0,14,14.949,3.758,2.367,98.465,4.483,98.388,56.1267,56.22620058
[SeH2],0,0,0,0.5,2.598,0,0,0,0,0,17.069,1,1.519,0.444,4.219,17.964,-0.916,17.069,1.499,1.598988886
[Se]=P12OCC(C(C)C)(CO1)CO2,2.195,209.522,8.82,7.279,9.886,5.565,4.1,7.859,3.785,8.268,5.415,12,9.387,2.911,1.351,80.229,1.552,79.86,52.6245,52.43264229
[Se]=P,2,2,2,0.908,3.621,1,0.204,3.182,0,0,0,2,2.819,1.819,0.04,23.331,0.213,22.584,3.3737,3.473361962
[Se]=[Ca],2,2,2,1.115,5.037,1,0.289,6.185,0,0,0,2,3.779,2.779,0.341,40.583,-0.762,41.31,4.1645,4.064421576
[Rb+].[Rb+].[Se-2],0,2.755,0,2.408,13.953,0,0,0,0,0,133.444,3,15.708,9.458,6.13,128.55,-6.373,116.375,8.4907,8.591002128
[Se]([Na])[Na],1.633,2.755,2.707,2.408,8.121,1.414,0.816,12.728,0.408,19.092,0,3,5.519,4.519,4.519,55.432,-1.142,56.824,6.5501,6.449893606
[Nb](=[Se])=[Se],3.266,23.774,2.707,1.264,6.888,1.414,0.365,11.225,0.075,11.906,14.284,3,4.779,3.779,3.779,39.033,-0.764,39.357,9.8431,9.862868111
[Se]=P12OCC(CC)(CO1)CO2,2.181,186.589,7.95,6.409,9.016,5.182,3.718,7.477,3.121,7.605,5.415,11,8.429,2.661,1.369,73.865,1.306,73.439,46.9925,46.8240312
[Se](CCCl)CCCl,2.447,28.871,5.536,3.993,7.218,3.414,2.112,5.604,0.99,4.316,0,7,8.099,7.099,7.099,60.721,2.005,60.557,12.8859,12.8902119
[Se]=P(C)(C)C,3.472,53.029,4.5,3.855,6.463,2,1.524,6.871,1.889,12.563,0,5,5.949,1.599,47.762,41.181,0.977,40.601,17.0765,17.16771791
[Se](CCC)CCC,2.447,23.361,5.536,5.237,6.95,3.414,2.992,5.414,1.612,4.182,0,7,7.519,6.519,6.519,52.845,2.347,52.284,12.1475,12.24799442
[Yb]=[Se],2,2,2,0.676,4.103,1,0.109,4.205,0,0,0,2,4.039,3.039,0.529,46.323,-0.381,47.61,3.5219,3.625256926
[Se](c1ccccc1)CC=C,2.499,191.143,7.234,5.787,7.5,4.932,3.22,5.288,1.913,4.207,0,10,7.585,4.319,2.383,68.117,1.62,67.725,46.7135,46.721651
[Se]=P(CCCC)(CCCC)CCCC,3.966,137.175,10.864,10.219,12.827,6.682,6.253,10.813,4.29,12.623,0,14,14.949,9.195,7.269,98.465,4.488,98.388,41.5919,41.49209857
[Se]=PCCCCCCCC,2.704,73.658,7.657,6.805,9.413,4.914,4.206,7.502,2.62,4.951,0,10,10.819,9.819,8.819,73.836,3.377,73.535,24.7276,24.35271655
[Se](c1ncccc1)CC#C,2.524,224.763,7.234,5.449,7.162,4.932,2.906,4.973,1.661,3.75,0,10,7.338,4.11,2.225,67.026,0.463,66.592,53.1358,53.23614043
[Se]=[Mn]=[Se],3.266,23.774,2.707,1.194,5.801,1.414,0.309,6.612,0.063,7.013,0,3,4.558,3.558,3.558,37.493,-0.764,37.544,9.2716,9.354295494
[Se](C(=O)c1ccccc1)C(=O)c1ccccc1,2.08,470.933,12.088,8.998,10.711,8.271,5.138,6.851,3.409,5.393,9.363,17,11.775,5.575,3.128,105.822,2.371,105.7,106.9757,107.0431493
[Se](CCC)CC=C,2.559,41.445,5.536,4.814,6.527,3.414,2.601,5.024,1.364,3.776,0,7,7.259,6.259,6.259,52.155,2.123,51.595,15.3948,15.3963199
[Se](c1sccc1CC=C)CC=C,2.621,262.557,8.812,6.954,9.484,5.881,3.791,6.739,2.326,5.987,0,12,9.785,5.364,2.632,84.163,2.41,84.129,62.9407,62.97659271
[Se](CCN)CCN,2.447,28.871,5.536,4.391,6.104,3.414,2.394,4.816,1.19,3.759,0,7,7.439,6.439,6.439,50.794,-0.555,50.152,12.4881,12.80696926
[Se](Cc1ccccc1)CC#C,2.346,232.8,7.941,6.287,8,5.432,3.484,5.906,2.183,4.25,0,11,8.397,5.017,3.275,74.171,1.942,73.834,55.6917,55.62136986
[Se](CCCO)CC=C,2.616,54.49,6.243,4.968,6.681,3.914,2.71,5.133,1.441,3.853,0,8,8.219,7.219,6.219,56.949,1.096,56.384,18.3602,18.30169508
[Se](CC1OCCC1)CC1OCCC1,1.52,123.86,8.933,8.036,9.749,6.449,5.259,7.682,3.808,6.063,0,13,9.974,5.352,3.245,86.52,1.885,86.174,35.6928,35.7933515
[Se]=PC=C,2.732,27.02,3.414,2.14,4.747,1.914,0.849,4.029,0.288,2.191,0,4,4.559,3.559,2.559,34.956,1.16,34.321,9.9309,9.776524207
[Se](c1scc(CC=C)c1CC=C)CC=C,2.879,349.418,11.096,8.869,11.398,7.329,4.878,7.825,3.112,6.737,0,15,12.509,6.838,3.493,102.568,3.139,102.702,82.7469,82.75683046
[Se](Cc1ccc(C)cc1)Cc1ccc(C)cc1,1.83,408.389,12.088,10.441,12.154,8.237,5.927,8.35,4.464,6.532,0,17,12.417,6.045,4.033,110.229,3.708,110.227,95.7406,95.70478967
[Se].[AlH5].[AlH5],0,2.755,0,0.408,2.121,0,0,0,0,0,51.791,3,23.463,9.537,3.584,51.711,-3.819,34.722,1.7747,1.874523703
[Se](CCCC)CC=C,2.616,50.349,6.243,5.521,7.234,3.914,3.101,5.524,1.717,4.13,0,8,8.259,7.259,6.259,58.52,2.513,58.016,18.0297,18.00727918
[Se](c1cc([N+]([O-])=O)ccc1)c1ccccc1,2.222,499.382,11.38,8.368,10.081,7.754,4.729,6.442,3.17,5.576,25.567,16,10.863,4.923,2.688,99.422,1.25,99.203,111.9003,111.8000574
[Se](C(c1ccccc1)=C)C,2.853,213.43,7.397,6.002,7.715,4.843,3.127,5.696,1.993,3.884,0,10,7.585,3.6,1.728,68.117,2.41,67.725,51.4487,51.48125579
Br/C=C/[Se]/C=C/Br,2.979,67.759,5.536,3.474,8.359,3.414,1.575,5.384,0.66,3.431,0,7,7.959,6.959,6.959,66.471,2.423,66.736,21.0796,21.17958371
[Se](C[Si](OC)(OC)OC)c1ccccc1,2.543,268.991,11.148,9.227,11.94,7.26,4.594,8.594,2.897,9.188,0,15,12.904,6.426,3.717,98.263,0.852,98.105,67.0577,66.95802184
[Se]=P12OC(CCO1)CO2,2.218,165.196,6.32,4.779,7.386,4.285,2.86,6.619,2.092,6.529,0,9,6.534,2.16,1.162,61.135,0.668,60.597,40.7616,40.8122624
[Se](CCc1ccncc1)c1ccccc1,1.81,346.295,10.347,8.466,10.179,7.449,5.017,7.085,3.267,5.718,0,15,10.409,5.693,3.503,96.719,2.072,96.564,81.02,80.85437283
[Se]1C2C1C=C2,2.458,75.649,3.276,2.718,4.431,2.466,1.805,3.783,1.45,4.305,0,5,2.435,0.528,0.172,37.413,0.851,36.741,19.6611,19.76118617
[Se](C(F)(F)C(F)(F)C(F)(F)F)C,4.847,159.28,10.207,5.554,7.267,5.061,2.435,5.005,1.793,3.725,0,12,12.029,3.064,1.849,69.273,2.529,68.432,41.2579,41.35805943
[Se](C(COC)COC)CC(OC)COC,3.731,128.591,11.519,10.024,11.737,7.278,4.892,7.092,3.179,5.977,6.104,15,15.359,10.863,8.196,98.758,0.852,98.404,39.4251,39.32507633
[Se](/C(Cl)=C/Cl)/C(Cl)=C/Cl,3.745,123.503,7.276,4.075,8.812,4.202,1.8,5.142,0.929,5.47,14.957,9,10.159,5.908,5.596,79.948,3.244,80.292,33.2939,33.24714008
[Se]=Pc1ncccc1,2.991,175.043,5.82,4.112,6.72,3.932,2.177,5.287,1.279,3.069,0,8,6.095,3.087,1.483,57.193,0.737,56.74,42.0585,42.06213458
[Se]=[P@]1(CC(C)C)[C@@H]2C[C@H](CC1)CCC2,2.075,246.706,10.182,9.537,12.145,6.6,6.177,10.622,5.728,13.752,0,14,11.435,4.441,2.367,96.454,3.706,96.377,62.4906,62.59077686
[Se](CCOc1ccccc1)c1ccccc1,1.698,358.095,11.054,9.004,10.717,7.949,5.307,7.375,3.323,5.774,0,16,11.251,6.365,3.727,102.612,2.513,102.495,84.0651,84.08952869
[Se](/C=C/C#CCCCC)/C=C/C#CCCCC,3.523,294.007,12.607,10.96,12.673,8.414,6.337,8.315,3.591,5.304,0,17,16.119,15.119,15.119,113.113,4.105,113.112,73.6563,73.55584005
[Ce].[Se-2],0,2,0,0.908,5.761,0,0,0,0,0,58.816,2,9.089,2.896,0.424,57.847,-0.381,0,3.6437,3.743549848
[Se]=P(Cl)(Cl)c1ccccc1,3.088,253.71,7.613,4.998,9.117,4.605,2.655,8.47,1.798,12.975,0,10,8.843,3.431,2.415,77.334,2.721,77.43,59.8924,59.79277054
[Se](c1ccc(N(C)C)cc1)c1ccccc1,2.114,434.052,11.38,9.552,11.265,7.754,5.258,6.971,3.803,6.21,0,16,11.251,5.198,2.878,103.259,1.408,103.16,99.8891,99.81855396
[Se](c1ccccc1)[CH2-].[Li+],0,150.262,5.82,5.502,7.215,3.932,2.403,4.471,1.457,3.052,18.861,9,9.337,5.148,3.133,74.374,-2.188,74.433,37.6067,37.50685979
[Se](C([N+]([O-])=O)([N+]([O-])=O)C)c1ccccc1,2.954,367.488,11.475,7.822,9.535,6.965,3.996,5.71,2.863,5.903,0,15,11.613,4.373,2.514,91.748,0.243,91.311,85.1318,85.03203249
[Se](/C=C\c1ccccc1)/C=C\c1ccccc1,1.84,435.948,11.761,9.491,11.204,8.449,5.537,7.515,3.563,5.276,0,17,11.911,6.902,4.437,108.85,4.032,108.848,100.3003,100.429706
[Se]=P1(Cl)OCCCO1,2.45,118.452,6.036,4.171,7.535,3.707,2.294,7.04,1.451,8.553,0,8,7.269,2.829,2.181,60.671,1.508,60.336,31.1821,31.03496693
[Se](C(F)(F)C(F)(F)F)CC,4.102,106.706,8.414,5.005,6.718,4.311,2.395,4.463,1.448,4.34,5.319,10,10.169,3.048,2.421,60.942,2.284,60.149,29.6366,29.53655694
[Se]=P(CCC)(c1ccccc1)C,2.904,279.15,9.027,7.656,10.264,5.666,4.287,8.925,3.16,11.398,0,12,10.252,4.418,2.59,82.603,2.453,82.414,67.0229,67.22365942
[Se](CCc1ccncc1)c1ccc(Cl)cc1,1.823,427.445,11.217,8.766,11.235,7.843,5.117,7.563,3.408,6.296,0,16,11.659,6.048,3.639,107.022,2.726,107.122,98.1603,98.14765103
[Se](CC(Cl)=C)CC(Cl)=C,3.103,106.226,7.276,4.993,8.218,4.126,2.37,5.548,1.527,4.664,0,9,9.579,5.371,8.579,72.072,3.032,72.02,29.8445,29.74415372
[Se](c1c(OC)cccc1)C(F)(F)F,2.873,284.963,9.897,6.76,8.473,6.027,3.415,5.128,2.199,4.521,4.462,13,10.411,4.025,3.284,80.052,1.544,79.526,67.1895,67.1703871
[Se](CCC)CC#C,2.599,61.07,5.536,4.607,6.32,3.414,2.427,4.849,1.257,3.575,0,7,7.079,6.079,6.079,51.844,1.57,51.284,19.1375,18.99539074
[Se]=P(N(C)C)(N(C)C)N(C)C,4.691,138.681,9.232,8.197,10.805,4.83,3.466,7.329,3.055,9.565,0,11,11.829,4.176,2.381,77.724,0.517,77.356,39.6562,39.55603679
[Se](C#Cc1ccccc1)C,2.764,240.426,7.234,5.795,7.508,4.932,3.023,5.593,1.797,3.082,0,10,7.407,4.169,2.269,67.806,1.748,67.414,56.6038,56.70757487
[Se](Cc1ccccc1)C(F)(F)F,2.442,229.808,9.027,6.136,7.849,5.578,3.324,5.392,2.22,4.403,5.319,12,9.616,3.965,3.787,74.938,2.411,74.417,55.2928,55.32004115
[Se](C/C=C/CCC)c1ccccc1,2.201,238.561,9.356,8.071,9.784,6.432,4.76,6.828,2.884,5.178,0,13,10.56,6.938,4.92,87.212,2.791,86.987,58.8595,58.75947192
[Pt]=[Se],2,2,2,0.724,4.71,1,0.129,5.491,0,0,0,2,3.208,2.208,0.036,30.202,-0.383,29.983,3.8446,3.859828291
[Se](CCCC)CCC,2.53,29.368,6.243,5.944,7.657,3.914,3.492,5.914,1.966,4.536,0,8,8.519,7.519,6.519,59.209,2.737,58.705,14.2056,14.30366155
[Se](CC=C(C)C)CC=C(C)C,3.294,128.256,8.69,7.977,9.69,5.126,3.971,6.394,3.1,5.356,0,11,10.999,6.694,9.999,76.925,3.46,76.588,36.6234,36.51208709
[Se](CC#Cc1ccccc1)C(F)(F)F,2.425,331.87,10.441,7.136,8.849,6.578,3.824,5.892,2.402,4.585,5.319,14,11.166,5.091,4.958,86.668,2.68,86.258,77.0277,76.92801499
[Se](C#Cc1c2c(ccc1)cccc2)C,2.648,497.865,9.803,7.95,9.663,6.915,4.434,7.003,2.958,4.243,0,14,9.339,4.33,1.823,90.488,2.901,90.319,110.7902,110.4420445
[Se](c1ccccc1)C=CC,2.585,201.228,7.234,5.95,7.663,4.932,3.261,5.107,1.9,3.955,0,10,7.585,4.319,2.383,68.117,1.55,67.725,48.8858,48.97681881
[Se].[Se]=[AlH3].[Se]=[AlH3],0,6.855,4,1.225,6.364,2,0,0,0,0,17.069,5,15.645,30.434,20.572,71.046,-3.51,55.003,6.243,9.392934916
[Se](SC)C,1.975,8,3.414,2.816,5.346,1.914,0.983,5.944,0.333,5.196,0,4,4.869,3.869,2.869,36.575,1.017,36.094,6.6211,6.755777349
[Se](c1ccc([N+]([O-])=O)cc1)C(F)(F)F,2.789,335.783,10.768,6.615,8.328,6.383,3.385,5.098,2.299,4.687,10.149,14,11.007,3.977,3.352,83.226,1.444,82.655,77.4759,77.42271269
[Se](C#Cc1ccccc1)C#Cc1ccccc1,1.932,521.908,11.761,9.182,10.895,8.449,5.23,6.943,3.288,4.573,14.957,17,11.562,6.617,4.214,108.227,2.709,108.226,117.2234,117.1402852
[Se-2].[Se-2].[Ga].[Cu+2],0,6,0,1.695,8.486,0,0,0,0,0,70.996,4,34.704,18.976,8.888,70.335,-1.145,17.069,6.121,5.553413923
[Se]([Na])C,1.633,4.755,2.707,2.408,6.121,1.414,0.816,8.485,0.408,6.364,0,3,4.519,3.519,3.519,41.408,-0.178,41.713,5.9501,5.850125578
[Rh]=[Se],2,2,2,0.742,4.093,1,0.136,4.183,0,0,0,2,3.143,2.143,0.018,29.218,-0.383,28.918,3.5433,3.479129203
[Se]=PCCCCCCCCCCCCC,2.834,125.704,11.192,10.341,12.948,7.414,6.706,10.002,4.388,6.719,0,15,15.819,14.819,14.819,105.66,5.327,92.295,39.3922,39.29244899
[Se](C(C)(C)C)c1ccc(F)cc1,2.715,245.536,9.19,7.596,9.309,5.472,3.919,5.632,3.668,7.655,5.817,12,9.755,3.59,3.377,79.337,2.374,78.976,59.8286,59.73424533
[Gd+2].[Se-2],0,2,0,0.762,4.743,0,0,0,0,0,57.009,2,9.144,2.844,0.386,56.15,-0.381,39.94,3.0763,3.202694802
[Se](C[Si](OC)(OC)OC)CC,3.835,89.564,8.743,7.547,10.26,5.243,3.475,7.83,1.933,8.697,0,11,11.616,6.168,3.689,75.936,0.964,75.554,29.068,29.16816573
[Se]=[As](CC)(CC)c1ccccc1,3.042,271.15,9.027,7.656,11.246,5.726,4.364,12.703,2.857,17.947,0,12,10.379,4.511,2.161,83.362,2.047,83.543,65.9277,66.01928505
[Se]=[Ga].[Cu],0,4.755,2,1.287,6.364,1,0.236,6.364,0,0,17.069,3,8.824,9.372,3.675,46.007,-0.764,29.127,5.2478,5.147721871
[Se](SSSC)C,2.339,20.755,4.828,3.633,7.796,2.914,1.316,8.944,0.469,9.117,0,6,7.569,6.569,5.569,55.621,2.313,55.746,11.1845,11.08426037
[Se]=[P+](CC)CC,2.988,45.51,4.992,4.27,6.877,2.808,2.229,6.158,1.114,6.593,0,6,6.819,3.991,3.027,47.961,1.592,47.437,16.0449,15.88770594
[SnH2]=[Se],2,2,2,1.115,6.865,1,0.289,10.062,0,0,0,2,3.318,2.318,0.077,31.966,-1.297,31.899,5.0785,5.178393843
[Se]=P12N3CCN1CCN2CC3,2.11,193.943,7.475,6.44,9.047,5.316,4.18,8.043,3.374,9.181,0,11,7.254,2.196,0.738,74.706,-0.221,74.339,48.3416,48.24139315
[Se]=P(OCC)(OCC)CC=C,4.009,148.52,8.743,7.078,9.685,5.182,3.672,7.698,1.918,7.523,0,11,11.609,6.162,4.946,76.351,2.176,75.986,40.4015,40.30127057
[Se](c1ccccc1)/C=C/c1ccc(OC)cc1,1.959,474.035,11.924,9.667,11.38,8.381,5.406,7.252,3.507,5.561,0,17,11.97,6.288,3.774,108.288,2.696,108.226,108.1369,108.2005461
[Se](c1ccc(O)cc1)c1ccc(O)cc1,2.147,390.684,10.673,7.921,9.635,7.237,4.498,6.211,3.09,5.496,14.957,15,10.09,4.387,2.752,94.358,0.753,94.124,89.5393,89.52705207
[Se](CC)C=C,2.402,24.829,4.121,3.4,5.113,2.414,1.64,3.84,0.622,3.232,0,5,5.259,4.259,4.259,39.425,1.272,38.753,10.3588,10.3834945
[Se](CCCO)c1ccccc1,2.276,186.014,7.941,6.364,8.077,5.432,3.72,5.788,2.239,4.69,0,11,8.793,5.363,3.565,73.601,0.817,73.204,46.3968,46.17616773
[Se]=[Ge],2,2,2,0.908,4.719,1,0.204,5.511,0,0,0,2,3.062,2.062,0.004,28.055,-0.762,27.659,3.9227,4.022907873
[Se]=P(CC)(CC)CC,3.791,79.682,6.621,5.977,8.584,3.682,3.253,7.813,2.007,10.896,0,8,8.949,3.878,2.485,60.276,2.147,59.863,24.9846,25.08446218
[Se](C(=O)C)C(=O)C,3.318,85.863,5.862,4.225,5.938,3.126,1.816,3.53,1.085,3.926,9.363,7,6.859,2.941,5.859,48.438,-0.216,47.757,23.922,23.86373787
[Se](Cc1ccccc1)c1ccc(F)cc1,1.964,408.311,10.51,8.189,9.903,7.343,4.767,6.835,3.228,5.429,5.817,15,10.409,5.106,3.19,95.3,2.355,95.106,93.2387,93.24506332
[Se](C#Cc1ccccc1)C=C,2.66,276.736,7.941,6.079,7.793,5.432,3.259,5.104,1.878,3.5,14.957,11,8.139,4.794,3.09,73.481,1.843,73.145,64.3236,64.4074363
[Se](c1c(C)cccc1)c1c(C)cccc1,2.302,416.901,10.673,9.027,10.74,7.271,5.063,6.776,3.633,5.907,0,15,10.476,4.653,2.499,97.499,1.958,97.386,95.7931,95.89632397
[Se](C#Cc1c(OC)cccc1)C,2.968,309.105,8.812,7.126,8.839,5.881,3.552,6.122,2.131,3.416,0,12,9.19,4.873,2.303,79.285,1.756,78.943,72.0313,72.13102403
[Se](CC)C(F)(F)F,3.154,48.632,5.914,3.749,5.462,3.061,1.767,3.835,0.879,3.667,5.319,7,7.309,2.576,6.309,46.246,1.649,45.446,16.0466,16.06335703
[Se](CCc1ccncc1)c1ccc(OC)cc1,1.816,441.539,11.924,9.797,11.51,8.381,5.541,7.608,3.629,6.081,0,17,12.154,6.431,3.88,108.197,2.081,108.094,101.7404,101.6952906
[Rb][Se][Rb],1.633,2.755,2.707,2.408,13.953,1.414,0.816,25.1,0.408,74.246,0,3,7.13,6.13,6.13,91.552,-1.142,96.446,9.4661,9.566164067
[Se]=PCCc1ccccc1,2.499,195.672,7.234,5.656,8.264,4.932,3.263,6.559,2.088,4.419,0,10,8.139,4.794,2.748,70.703,2.259,70.403,47.9489,47.84947376
[Tl]=[Se],2,2,2,0.986,7.188,1,0.236,10.747,0,0,0,2,3.442,2.442,0.135,34.074,-0.762,34.195,5.1884,5.088426966
[Se](=[Se])(C)C,2.803,27.02,3.577,2.816,6.243,1.732,0.983,8.743,0.742,11.121,11.541,4,5.039,2.287,11.704,37.149,0.406,36.839,11.0053,10.90543608
[Se](CCCC)CCC=C,2.664,59.588,6.95,6.228,7.941,4.414,3.601,6.024,2.043,4.613,0,9,9.259,8.259,8.259,64.885,2.903,64.436,20.7307,20.63792768
[Se](C(COC)COC)C(COC)COC,3.933,108.591,11.519,10.024,11.737,7.278,4.892,6.87,3.201,6.57,0,15,15.359,10.863,8.196,98.758,0.853,98.404,35.4453,35.67265372
[Se](C=CCl)C=CCl,2.979,67.759,5.536,3.474,6.699,3.414,1.575,4.425,0.66,2.877,0,7,7.579,6.579,6.579,59.342,2.111,59.178,20.2496,20.32595066
[Se](C)C=C=C,2.934,50.668,4.121,3.193,4.906,2.414,1.286,3.988,0.558,2.041,0,5,5.039,4.039,4.039,38.735,1.037,38.064,15.3935,15.29328857
BrC([Se]C=C)CBr,2.98,55.651,5.699,3.733,8.618,3.308,1.773,5.789,0.867,6.448,0,7,8.219,5.358,5.085,67.16,1.95,67.426,18.9401,19.04006689
[Se]=[P+](CC)c1ncccc1,2.853,222.308,7.397,5.819,8.427,4.843,3.2,6.943,1.883,6.505,6.168,10,8.07,3.976,1.984,69.508,1.292,69.166,53.5071,53.63397732
[Se](c1occc1)C(=O)C,2.577,190.833,6.69,4.957,6.67,4.288,2.508,4.221,1.526,4.004,19.638,9,6.588,2.852,2.039,59.398,0.156,58.828,45.7491,45.76601171
[Se](CC)c1sccc1,2.5,134.249,5.82,4.756,7.285,3.932,2.595,5.543,1.365,5.636,0,8,6.341,3.285,1.622,60.082,1.516,59.825,34.3907,34.36445512
[Se]=[AlH3]CC,2.297,20,3.414,2.115,3.828,1.914,0.707,0.707,0,0,0,4,5.052,4.052,3.052,38.933,-0.591,38.637,8.0139,8.114073632
[Se-]/[O+]=C/[C@H](O)[C@@H](O)[C@@H](O)[C@H](O)CO,4.148,163.203,10.431,6.646,8.359,6.04,3.493,4.192,2.454,2.858,0,13,12.989,6.444,4.145,83.279,-3.76,82.691,43.0226,43.12247614
[Se]=C1CNC1=O,2.607,95.361,4.569,3.024,4.737,2.805,1.615,2.472,1.106,2.14,5.907,6,4.03,1.172,0.402,43.274,-1.543,42.556,24.2817,24.18208426
[Se](C#C)C#C,2.857,68.802,4.121,2.563,4.276,2.414,0.986,2.699,0.338,1.755,14.957,5,4.639,3.639,3.639,38.113,-0.128,37.441,18.4456,18.06429065
[Se](C=C(Cl)C)C=C(Cl)C,3.534,113.993,7.276,5.319,8.544,4.126,2.427,5.161,1.545,4.298,0,9,9.579,5.371,8.579,72.072,2.891,72.02,31.7344,31.76768402
[Se]=C=O,3.266,25.774,2.707,1.316,3.03,1.414,0.408,1.265,0.083,0.433,0,3,3.099,2.099,2.099,26,-0.778,25.156,8.3349,8.488776494
[Se](c1c(C(O)=O)cccc1)c1ccccc1,2.315,494.296,11.38,8.46,10.173,7.771,4.824,6.537,3.216,5.557,14.957,16,10.931,4.971,2.511,100.09,1.04,99.912,110.9752,111.1404689
[Se]=P(c1ccccc1)(CO)CO,3.042,278.369,9.027,6.551,9.158,5.726,3.582,7.957,2.508,9.768,12.696,12,10.172,4.361,2.065,79.461,0.313,79.152,65.8855,65.98563109
[Se](c1c(C=O)cccc1)c1c(C=O)cccc1,2.373,499.923,12.088,8.998,10.711,8.347,5.112,6.825,3.413,5.687,14.957,17,11.775,5.575,2.701,105.822,0.967,105.7,112.803,112.9026242
[Se](c1sccc1)c1sccc1,2.136,264.453,7.519,5.689,9.035,5.449,3.199,6.671,1.966,7.302,0,11,7.562,3.545,1.937,80.05,1.465,80.207,62.153,62.25325533
[Se]=[P+](C)C,2.803,29.02,3.577,2.855,5.463,1.732,1.077,5.529,0.812,7.034,6.168,4,4.819,2.081,13.899,35.231,0.811,34.595,11.0309,10.93088968
[Se](C(F)(F)C(F)(F)F)C,4.145,94.866,7.707,4.298,6.011,3.811,1.807,4.377,1.219,3.151,0,9,9.169,2.421,2.1,54.577,1.894,53.728,26.4245,26.41036959
[Se](C(C)(C)C)C(C)C,3.389,59.277,6.784,6.486,8.199,3.417,3.095,4.94,3.279,8.321,0,8,8.519,2.888,6.519,59.209,2.737,58.705,20.9234,20.87734021
[Se](C=C=C(C)C)C=C=C(C)C,3.945,199.598,8.69,7.563,9.276,5.126,3.549,5.527,2.66,4.221,0,11,10.559,6.281,9.559,75.546,2.848,75.209,50.5843,50.61390304
[Se](c1cc(OC)ccc1)c1cc(OC)ccc1,2.183,451.586,12.088,9.844,11.557,8.313,5.276,6.989,3.46,5.866,14.957,17,12.028,5.759,3.256,107.726,1.359,107.604,103.878,103.7776513
[Se](c1ccc(OC)cc1)C(F)(F)F,2.698,267.713,9.897,6.76,8.473,6.01,3.409,5.122,2.223,4.612,0,13,10.411,4.025,3.698,80.052,1.544,79.526,63.722,63.81535148
[Se](C1=CCCO1)c1ccccc1,2.036,279.15,8.226,6.695,8.408,5.949,4.009,5.722,2.575,4.837,0,12,7.904,3.791,1.904,78.59,1.278,78.249,65.3834,65.3610414
[se]1c2ccc1cc2,3.179,200.521,4.69,3.718,5.431,3.449,2.23,3.943,1.573,3.98,0,7,3.706,1.118,0.425,47.849,1.335,47.289,46.0318,45.93213166
[Se]=[P+](CO)CO,2.988,49.51,4.992,3.164,5.772,2.808,1.447,5.376,0.765,5.544,12.696,6,6.739,3.914,2.95,44.819,-0.549,44.175,15.85,15.95099
[Se]1C2C1C=CC=C2,2.282,119.115,4.69,3.872,5.585,3.466,2.471,4.449,1.835,4.69,0,7,3.937,1.239,0.568,49.454,1.407,48.894,29.7995,29.81272709
[Se-2].[Zn],0,2,0,1.115,5.796,0,0,0,0,0,36.547,2,11.049,2.143,0.018,36.847,-0.383,0,3.744,3.86376264
[Cd].[Se-2].[Se-2],0,2.755,0,1.524,8.986,0,0,0,0,0,61.436,3,20.24,9.031,3.961,60.842,-0.764,0,5.6536,5.753224174
[Se](c1ccccc1)C(=O)C,2.674,217.959,7.397,5.703,7.416,4.788,3.023,4.736,1.907,4.53,19.638,10,7.516,3.547,2.338,66.603,0.563,66.15,52.0675,52.16782222
[Se](C(C)C)c1ccc([Se]C)cc1,2.647,226.099,8.975,7.703,11.129,5.72,4.028,8.443,2.842,8.149,0,12,10.341,5.089,3.327,87.452,1.222,87.589,56.8227,56.72234956
[Se](CC#CC(C)=C)CC#CC(C)=C,3.508,269.487,10.104,8.237,9.95,6.126,3.992,6.414,2.657,4.725,0,13,12.119,7.752,11.119,87.653,2.686,87.429,65.5492,65.44942063
[Se-][n+]1ccccc1,3.021,138.008,5.113,3.742,5.455,3.394,2.032,2.798,1.235,2.12,0,7,4.819,2.102,1.298,51.008,-0.094,50.407,33.6619,33.56189891
[Se](C(Cl)C(Cl)Cl)/C=C/Cl,3.376,92.568,7.276,4.23,8.966,4.181,2.011,5.735,1.084,5.764,19.232,9,10.419,6.15,5.844,80.638,2.769,80.982,27.209,27.10946892
[Se](/C=C\c1ccccc1)C=C,2.568,236.31,7.941,6.234,7.947,5.432,3.412,5.39,2.016,3.858,0,11,8.317,4.948,3.218,73.793,2.505,73.456,56.3682,56.40729242
[Se](CC#C)CC#C,2.768,88.329,5.536,3.977,5.69,3.414,1.862,4.284,0.901,2.969,0,7,6.639,5.639,5.639,50.843,0.794,50.283,24.0392,23.91285198
[Se](CC1OCCOC1)CC1OCCOC1,1.528,148.805,10.347,8.853,10.566,7.449,5.414,7.836,3.673,5.928,0,15,11.834,6.838,4.387,96.747,0.358,96.392,41.8421,41.94196869
[Se](CC1OCCO1)CC1OCCO1,1.52,127.079,8.933,7.439,9.152,6.449,4.491,6.914,2.88,5.135,12.58,13,9.897,5.292,3.2,84.017,0.273,83.55,35.7993,36.07158249
[Se](CC1OCCCO1)CC1OCCCO1,1.528,148.805,10.347,8.853,10.566,7.449,5.491,7.914,3.587,5.842,12.58,15,11.834,6.838,4.387,96.747,1.053,96.392,41.8421,41.94211589
[Se](N)CC,1.975,8,3.414,2.693,4.406,1.914,1.231,3.432,0.455,2.366,0,4,4.479,3.479,2.479,32.937,0.002,32.168,6.1019,6.049637279
[Se](C=CCCl)C=CCCl,3.077,87.231,6.95,4.888,8.113,4.414,2.489,5.536,1.188,3.519,0,9,9.579,8.579,8.579,72.072,2.196,72.02,25.8506,25.89991794
[Se](SC(F)(F)F)SC(F)(F)F,3.437,102.731,9.121,4.493,7.839,4.707,1.875,7.555,1.126,7.597,0,11,11.799,4.155,10.799,70.758,3.027,70.434,29.3429,29.44326016
[Se](CC)/C(C)=C/C#CC,3.644,145.686,7.113,6.193,7.906,4.308,3.027,5.095,1.582,4.75,0,9,8.819,5.947,5.694,63.884,2.056,63.436,38.0657,38.16601407
[Se](CCCC)C=C,2.559,41.445,5.536,4.814,6.527,3.414,2.64,4.84,1.391,3.646,0,7,7.259,6.259,6.259,52.155,2.053,51.595,15.3948,15.41518249
[Se](C(C)C)C(C)C,2.953,33.445,5.862,5.563,7.276,3.126,2.781,4.759,2.234,6.761,0,7,7.519,3.513,6.519,52.845,2.347,52.284,14.6061,14.70650941
[Se](c1ccccc1)C(Cl)=C(Cl)Cl,2.718,277.614,8.975,5.929,9.91,5.698,3.136,5.983,1.949,6.059,19.448,12,10.43,5.16,3.384,92.662,2.859,92.975,65.8137,65.71386122
[Se](CC(C)C)CC(C)C,2.915,49.588,7.276,6.977,8.69,4.126,3.703,6.126,3.325,5.58,0,9,9.519,5.316,8.519,65.574,2.839,65.126,19.5277,19.62760513
[Se](C(F)(F)C(F)(F)C(F)(F)F)CC,4.806,172.212,10.914,6.261,7.974,5.561,3.023,5.091,2.022,4.915,5.319,13,13.029,3.648,2.493,75.638,2.919,74.852,44.6886,44.63950927
[Se]=[P+](CCCC)c1ccccc1,2.54,243.275,8.812,7.364,9.971,5.843,4.34,8.083,2.791,7.286,6.168,12,10.123,5.645,3.189,83.018,2.677,82.829,59.4837,59.32860685
[Se](C(C)(C)C)CC=C,3.239,68.946,6.621,5.9,7.613,3.561,2.809,4.877,2.712,6.587,0,8,8.259,3.317,6.259,58.52,2.513,58.016,22.2659,22.10525359
[Se](/C=C/Cl)/C=C/Cl,2.979,67.759,5.536,3.474,6.699,3.414,1.575,4.425,0.66,2.877,0,7,7.579,6.579,6.579,59.342,2.111,59.178,20.2496,20.32595066
[Se](CC=CCl)CC=CCl,2.913,87.231,6.95,4.888,8.113,4.414,2.497,5.792,1.261,4.02,0,9,9.579,8.579,8.579,72.072,3.032,72.02,25.8342,25.86651781
[Se](c1occc1)c1occc1,2.136,264.453,7.519,5.689,7.402,5.449,3.199,4.912,1.966,4.083,14.957,11,6.769,2.99,1.56,70.358,0.528,69.9,61.3365,61.35890766
[Se]1C(P[B])C1,1.999,36.629,3.699,2.77,5.483,2.432,1.51,4.865,0.989,5.548,0,5,4.181,1.642,1.26,41.403,0.211,40.858,12.4849,12.38453278
[Se]=P12CN3CN(C1)CN(C2)C3,1.999,199.943,7.475,6.44,9.047,5.235,3.977,8.538,3.919,11.759,0,11,7.254,2.196,1.09,74.538,-0.221,74.17,49.5305,49.63070522
[Se](=[Fe])=[Fe],3.266,23.774,2.707,1.115,5.037,1.414,0.289,6.185,0.051,4.508,0,3,4.558,3.558,3.558,37.493,-0.386,37.544,8.858,8.738098198
[Se-],0,0,0,0.408,2.121,0,0,0,0,0,17.069,1,1.519,0.444,4.219,17.964,-0.381,0,1.2237,1.123718619
[Se](c1ccc(Cl)cc1)/C=C/c1sccc1,1.958,431.155,10.51,7.891,11.176,7.343,4.467,7.571,2.89,6.36,0,15,10.97,5.525,3.51,104.753,3.402,105.085,98.3242,98.22416954
[Se](CCCO)CCCO,2.595,44.323,6.95,5.545,7.258,4.414,3.21,5.632,1.767,4.336,0,9,9.439,8.439,8.439,62.433,0.292,61.864,17.0561,16.95651221
[Se](C/C=C\CCC)c1ccccc1,2.201,238.561,9.356,8.071,9.784,6.432,4.76,6.828,2.884,5.178,0,13,10.56,6.938,4.92,87.212,2.791,86.987,58.8595,58.75947192
[Se](c1ccccc1)/C(Cl)=C\Cl,2.654,243.529,8.104,5.628,8.853,5.326,3.015,5.542,1.828,5.302,14.957,11,9.15,4.841,3.306,82.359,2.293,82.418,58.0801,58.07242449
[Pd]=[Se],2,2,2,0.724,3.992,1,0.129,3.969,0,0,0,2,3.182,2.182,0.028,29.804,-0.383,29.552,3.4856,3.38927838
[Se](CCCCC)CCCCC,2.691,53.893,8.364,8.065,9.778,5.414,4.992,7.414,3.027,5.596,0,11,11.519,10.519,10.519,78.304,3.908,77.968,21.6719,21.77237214
[Se](c1ccc(N)cc1)C(F)(F)F,2.715,254.349,9.19,5.929,7.642,5.472,3.085,4.798,2.117,4.505,0,12,9.418,3.372,3.152,73.913,1.118,73.351,60.0909,60.19076473
[Se](CC=Cc1ccccc1)c1ccccc1,1.827,431.507,11.054,9.044,10.757,7.949,5.344,7.412,3.437,5.731,0,16,11.193,6.319,3.692,103.174,3.148,103.117,98.7964,98.80285102
[Se](CCc1ccncc1)c1ccc(C)cc1,1.823,422.248,11.217,9.388,11.102,7.843,5.428,7.496,3.767,6.218,0,16,11.377,5.833,3.478,103.084,2.381,102.985,97.3032,97.20319839
[Se](c1[nH]ccc1)c1ccccc1,2.151,326.004,8.226,6.527,8.24,5.949,3.813,5.526,2.449,4.79,0,12,7.657,3.613,1.786,77.978,0.67,77.656,74.6145,74.68893987
[Se]=P(C=C)(C=C)C=C,4.455,129.382,6.621,4.709,7.316,3.682,2.182,6.395,1.311,7.914,0,8,8.169,3.246,1.961,58.207,2.518,57.795,33.8498,33.95024744
[Se](CC#C)C,2.484,42.1,4.121,3.193,4.906,2.414,1.339,4.264,0.637,2.454,0,5,5.079,4.079,4.079,39.114,0.79,38.442,13.6349,13.51607285
[Se](CCl)C,1.975,8,3.414,2.493,4.962,1.914,0.964,4.423,0.398,3.201,0,4,4.809,3.809,2.809,37.688,0.935,37.158,6.2999,6.200371902
[Se](C[Si](C)(C)C)C,3.154,46.532,5.914,5.615,8.328,3.061,2.55,9.182,2.994,11.432,0,7,7.736,2.904,6.736,53.861,2.034,53.436,17.806,17.90629091
[Se]([Si](C)(C)C)C=C,3.337,62.971,5.914,5.193,7.906,3.061,2.348,9.315,2.397,16.749,0,7,7.476,2.703,6.476,52.615,1.669,52.191,20.7323,20.82887751
[Se](C(Cl)=CCl)C(Cl)=CCl,3.745,123.503,7.276,4.075,8.812,4.202,1.8,5.142,0.929,5.47,14.957,9,10.159,5.908,5.596,79.948,3.244,80.292,33.2939,33.24714008
[Se](S)(S)(C)C,3.024,23.119,4.5,3.303,6.805,2,1.182,9.935,1.22,17.324,0,5,6.219,1.783,36.379,44.52,1.548,44.342,10.9999,11.09986247
[Se](CC1OCCCC1)CC1OCCCC1,1.528,145.005,10.347,9.451,11.164,7.449,6.259,8.682,4.515,6.77,0,15,11.911,6.902,4.437,99.25,2.665,99.016,41.6203,41.72031954
[Se](C(COC)COC)CC(OC)CO,3.667,113.38,10.812,9.063,10.776,6.778,4.511,6.712,2.906,5.704,12.711,14,14.359,9.897,6.76,92.074,0.198,91.663,35.2995,35.19928846
[Se](n1nccc1)(n1nccc1)(C)C,2.423,326.519,9.312,7.661,9.374,6.21,3.948,8.906,3.037,9.727,0,13,8.534,3.013,1.406,79.828,1.178,79.439,76.0911,76.19101637
[Se](Cc1ccccc1)C/C=C/C,2.243,226.019,8.648,7.364,9.077,5.932,4.161,6.583,2.57,4.731,0,12,9.567,6.047,3.751,80.847,2.885,80.566,55.5066,55.44678231
[Se](c1c(N)cccc1)c1c(N)cccc1,2.302,425.184,10.673,8.182,9.895,7.271,4.64,6.353,3.178,5.452,14.957,15,10.09,4.387,2.322,95.449,0.506,95.254,96.6892,96.78932003
[SeH][Na],1,2,2,1.447,5.324,1,0.447,6.971,0,0,0,2,3.519,2.519,0.178,36.698,-1.029,36.946,4.3408,4.440948845
[Se](C1C(OC)CCC1)C1C(OC)CCC1,1.845,178.061,10.673,9.777,11.49,7.347,6.059,8.037,4.623,7.735,0,15,11.911,5.674,2.763,99.25,2.665,99.016,48.6544,48.32994663
[Se](c1n[nH]c(C)c1C)c1n[nH]c(C)c1C,2.295,439.324,11,9.303,11.016,7.092,4.803,6.516,3.66,5.71,14.957,15,10.457,3.832,1.849,95.023,0.021,94.746,100.6235,100.7233216
BrC=C[Se]C=CBr,2.979,67.759,5.536,3.474,8.359,3.414,1.575,5.384,0.66,3.431,0,7,7.959,6.959,6.959,66.471,2.423,66.736,21.0796,21.17958371
[Cd]=[Se].[Zn]=S,0,10,4,2.231,11.764,2,0.577,14.562,0,0,0,4,9.561,18.586,8.856,59.847,0.262,60.866,9.9744,10.07434379
[Se],0,0,0,0.408,2.121,0,0,0,0,0,17.069,1,1.519,0.444,4.219,17.964,-0.381,0,1.2237,1.123718619
[Mo](=[Se])=[Se],3.266,23.774,2.707,1.225,6.658,1.414,0.333,10.247,0.068,10.869,13.27,3,4.727,3.727,3.727,38.647,-0.764,38.902,9.7125,9.727261767
[Se](c1ccccc1)C,2.832,145.733,5.82,4.795,6.508,3.932,2.523,5.093,1.517,3.363,0,8,5.869,2.907,1.359,56.077,1.064,55.573,36.3478,36.38361443
[Se-2].[Fe+2],0,2,0,0.762,3.579,0,0,0,0,0,34.137,2,11.704,2.039,0.001,34.56,-0.383,17.069,2.4943,2.307220576
[Se]([Si](C)(C)C)c1ccccc1,2.658,212.754,8.32,7.295,10.008,5.078,3.819,10.653,3.527,17.939,0,11,9.048,3.57,3.755,75.632,1.851,75.432,53.2346,53.13464367
[SeH-],0,0,0,0.447,2.324,0,0,0,0,0,17.069,1,1.519,0.444,4.219,17.964,-0.649,17.069,1.3408,1.440939326
[Se](Cc1occc1)C,2.5,134.249,5.82,4.756,6.469,3.932,2.446,5.37,1.512,3.329,0,8,5.928,2.954,1.391,55.236,1.532,54.671,33.9827,33.95213798
[Se]=C=[Se],3.266,23.774,2.707,1.316,4.743,1.414,0.408,2.121,0.083,2.25,0,3,3.819,2.819,2.819,34.938,-1.04,34.571,8.7914,8.891460822
[PbH6+2].[Se-2],0,2,0,0.408,2.121,0,0,0,0,0,44.367,2,9.872,2.442,0.135,44.247,-2.368,27.299,1.6237,1.672579914
[Se](CCN)c1ccccc1,2.427,173.872,7.234,5.787,7.5,4.932,3.312,5.38,1.95,4.401,0,10,7.803,4.505,2.525,67.782,0.393,67.348,43.2521,43.16183166
[Nb](O[Nb](=O)=O)(=O)=O,3.773,134.519,5.862,2.936,7.333,3.126,1.095,6.481,0.529,5.503,0,7,7.641,3.619,6.641,52.222,-0.549,52.325,33.8806,33.7803781
[Se](C#CC)C#CC,3.213,119.034,5.536,4.408,6.121,3.414,1.908,3.621,0.806,2.091,14.957,7,6.639,5.639,5.639,50.843,0.652,50.283,30.6126,30.71318565
[Se](C(F)(F)F)C(F)(F)F,3.746,76.211,7.707,3.676,5.389,3.707,1.542,3.255,0.994,3.364,0,9,9.099,2.379,8.099,52.378,1.73,51.449,22.0938,22.19436772
[Se](c1ccccc1)C(Cl)=CCl,2.654,243.529,8.104,5.628,8.853,5.326,3.015,5.542,1.828,5.302,14.957,11,9.15,4.841,3.306,82.359,2.293,82.418,58.0801,58.07242449
[Se](c1oc(C)cc1)CC,2.614,180.797,6.69,5.678,7.391,4.326,3.019,5.087,1.798,4.459,0,9,6.913,3.092,1.884,61.601,1.356,61.092,44.3945,44.49430701
[Se](CCO)c1ccccc1,2.427,173.872,7.234,5.656,7.369,4.932,3.22,5.288,1.885,4.336,0,10,7.803,4.505,2.525,67.236,0.427,66.783,43.1342,43.07236196
[Se](C(C)(C)C)c1ccccc1,2.658,208.064,8.32,7.295,9.008,5.078,3.819,5.532,3.527,7.514,0,11,8.833,3.424,3.595,75.172,2.234,74.835,51.7966,51.69669527
BrCC[Se]CCBr,2.447,28.871,5.536,3.993,8.878,3.414,2.112,6.777,0.99,5.146,0,7,8.479,7.479,7.479,67.85,2.317,68.115,13.7159,13.61638838
[Se](CC)c1occc1,2.5,134.249,5.82,4.756,6.469,3.932,2.595,4.663,1.365,4.026,0,8,5.928,2.954,1.391,55.236,1.047,54.671,33.9827,33.97531377
[V],0,0,0,0.447,1.844,0,0,0,0,0,18.556,1,1.584,0.296,3.429,19.377,-0.003,0,1.1008,1.179727932
[Sb]#[Ga],3,6.755,2,1.025,6,1,0.258,9,0,0,0,2,3.455,2.455,0.142,33.125,-0.762,33.224,5.661,5.761460392
[Se](c1ccc(OC)cc1)c1ccccc1,2.114,408.311,10.51,8.513,10.226,7.381,4.753,6.466,3.091,5.497,0,15,10.283,5.014,2.852,96.248,1.35,96.074,93.5448,93.48007865
[Se](CCCC)c1ccccc1,2.276,181.324,7.941,6.916,8.629,5.432,4.111,6.178,2.515,4.966,0,11,8.833,5.398,3.595,75.172,2.234,74.835,45.9556,45.78332922
[Se](c1sccc1)CC=C,2.381,167.052,6.527,5.04,7.57,4.432,2.704,5.652,1.532,5.291,0,9,7.071,3.887,2.354,65.758,1.682,65.556,41.4076,41.38325992
[Se](c1ccccc1)CC=CC,2.39,213.574,7.941,6.657,8.37,5.432,3.722,5.79,2.193,4.487,0,11,8.575,5.172,3.405,74.482,2.01,74.146,52.1839,52.15130673
[Se]1[As]=[As]1,2.732,25.774,2.121,1.303,6.769,1.5,0.565,15.259,0.245,34.365,0,3,2.852,1.176,1.401,33.321,-1.142,33.46,9.97,10.07039742
[se]1p2[se]p1[se]2,3.286,135.069,3.276,2.119,9.047,2.449,1.095,17.076,0.692,47.679,0,5,4.079,1.316,0.531,47.045,0.58,47.392,33.6963,33.79668327
[Se](=S)=S,3.266,23.774,2.707,1.225,4.571,1.414,0.333,5.196,0.068,3.182,11.698,3,3.959,2.959,2.959,33.093,0.916,32.803,8.669,8.768874762
[Pb],0,0,0,0.5,4.387,0,0,0,0,0,27.299,1,1.922,0.007,1.26,27.651,-0.381,0,2.3935,2.31265728
[Ba+2].[Se-2],0,2,0,1.115,7.269,0,0,0,0,0,65.95,2,8.94,3.091,0.569,64.54,-0.762,48.881,4.4805,4.327359998
[Se](c1c2c(ccc1)cccc2)c1ccccc1,2.063,623.856,11.502,9.336,11.05,8.433,5.64,7.353,3.892,6.232,0,17,10.584,4.747,2.261,107.451,2.495,107.449,137.6875,137.6836811
[Se](Cc1ccc(OC)cc1)c1ccccc1,1.945,422.248,11.217,9.22,10.933,7.881,5.191,7.259,3.45,5.65,0,16,11.251,5.737,3.126,102.612,2.225,102.495,97.1637,97.13470976
[Se](c1ccsc1)C,2.763,122.636,5.113,4.049,6.578,3.432,1.994,5.507,1.163,3.789,0,7,5.358,2.508,1.303,53.717,1.126,53.404,31.246,31.16142605
[Se](CCN)CC(O)=O,2.822,76.439,6.406,4.462,6.175,3.77,2.267,4.69,1.235,3.554,14.957,8,7.949,5.093,5.949,54.41,-0.43,53.744,22.3641,22.34455045
[Cd+2].[Se-2],0,2,0,1.115,6.865,0,0,0,0,0,44.367,2,9.872,2.442,0.135,44.247,-0.383,27.299,4.2785,4.378448881
[Se]([K])[K],1.633,2.755,2.707,2.408,10.368,1.414,0.816,17.493,0.408,36.062,0,3,6.792,5.792,5.792,82.978,-1.142,87.007,7.6736,7.77392239
[Se-2].[Ca+2],0,2,0,1.115,5.037,0,0,0,0,0,54.807,2,9.221,2.779,0.341,54.08,-0.762,37.738,3.3645,3.367324041
[Ca]=O,2,2,2,1.115,3.324,1,0.289,1.19,0,0,35.883,2,3.06,2.06,0.003,37.067,-0.5,37.317,3.308,3.408025448
[Sb]#[Ni],3,6.755,2,0.763,4.304,1,0.141,3.912,0,0,0,2,3.312,2.312,0.074,31.443,-0.383,31.377,4.7082,4.607980968
[Sr+2].[Se-2],0,2,0,1.115,6.305,0,0,0,0,0,62.55,2,9,3,0.5,61.352,-0.762,45.482,3.9985,3.898312766
[Se](c1ccc(Cl)cc1)CC=C,2.582,227.823,8.104,6.087,8.556,5.326,3.32,5.765,2.054,4.784,0,11,8.862,4.608,3.11,78.42,2.274,78.282,54.9668,55.07180098
[Se]([SiH3])[SiH3],1.633,2.755,2.707,2.408,8.121,1.414,0.816,12.728,0.408,19.092,0,3,3.953,2.953,2.953,31.886,-2.749,31.374,6.5501,6.650340326
Br[Se]Br,1.633,2.755,2.707,1.164,6.049,1.414,0.309,8.332,0.058,8.182,0,3,4.479,3.479,3.479,39.519,1.31,39.561,5.0165,5.116782141
[Se](c1ccc([N+]([O-])=O)cc1)c1ccccc1,2.143,482.132,11.38,8.368,10.081,7.754,4.729,6.442,3.166,5.572,25.567,16,10.863,4.923,2.688,99.422,1.25,99.203,108.4424,108.3644259
[Se](Cc1ccccc1)c1ccccc1,1.957,327.466,9.64,7.889,9.602,6.949,4.668,6.736,3.087,5.288,0,14,9.512,4.994,2.729,91.134,2.216,90.965,76.5375,76.43753056
[Se]=P1(Nc2ccccc2)OC(C)CCO1,2.074,370.945,10.726,8.55,11.158,7.179,4.942,8.783,3.513,8.227,6.104,15,11.377,4.816,3.169,97.603,2.77,97.421,86.6132,86.71295466
[Se](c1c(C)[nH]nc1C)c1c(C)[nH]nc1C,2.372,400.324,11,9.303,11.016,7.092,4.803,6.516,3.628,5.77,0,15,10.457,3.832,1.849,95.023,0.021,94.746,92.8312,92.84351988
[SeH][SeH],1,0,2,0.894,4.648,1,0.2,5.4,0,0,0,2,3.039,2.039,0.001,28.797,-1.297,28.375,3.3816,3.432116986
[Se](C)C=C,2.297,17.245,3.414,2.693,4.406,1.914,1.052,3.754,0.402,2.091,0,4,4.259,3.259,2.259,33.06,0.882,32.332,7.9831,8.083171206
[Se](c1ccccc1)C=C,2.72,179.019,6.527,5.079,6.793,4.432,2.759,4.604,1.598,3.78,0,9,6.597,3.494,2.045,61.752,1.16,61.304,43.462,43.55003315
[Zn+2].[Zn]=[N-].[Zn]=[N-],0,6.855,4,3.016,11.917,2,0.632,3.286,0,0,19.478,5,16.077,50.574,30.477,63.462,0.57,63.907,9.7359,9.635482674
[Se](C1C2C=CC1C=CC=C2)c1ccccc1,1.818,419.763,10.795,8.991,10.704,7.933,5.684,7.529,4.205,6.831,0,16,10.135,4.448,1.934,102.916,2.733,102.859,96.3213,96.22115808
[Se](c1ccccc1)CC#C,2.524,220.234,7.234,5.579,7.293,4.932,3.046,5.114,1.806,4.006,0,10,7.407,4.169,2.269,67.806,1.068,67.414,52.3475,52.43232198
[Se](CCCC)C#Cc1ccccc1,2.313,278.988,9.356,7.916,9.629,6.432,4.611,6.678,2.795,4.686,0,13,10.381,6.777,4.779,86.901,2.918,86.676,66.8166,66.789833
[Fe],0,0,0,0.354,1.458,0,0,0,0,0,17.069,1,1.519,0.444,4.219,17.964,-0.003,0,0.8706,1.049317919
[Se].[AlH3](C)C.[AlH3](C)C,0,11.651,5.414,4.408,6.121,2.828,0,0,0,0,47.508,7,15.834,25.593,94.219,70.347,-0.413,30.439,8.7781,8.878132263
[Se](c1ccc(F)cc1)c1ccc(F)cc1,2.147,390.684,10.673,7.783,9.496,7.237,4.429,6.142,3.01,5.416,26.591,15,10.341,4.559,2.882,93.1,1.62,92.827,89.4146,89.36812562
[Se](CCSCC)C=C,2.616,54.49,6.243,5.222,7.752,3.914,2.717,6.072,1.234,4.883,0,8,8.609,7.609,6.609,62.278,2.006,62.021,18.9973,18.90100948
[Se](c1ccc(N)cc1)c1ccc(N)cc1,2.147,390.684,10.673,8.182,9.895,7.237,4.628,6.341,3.24,5.646,0,15,10.09,4.387,2.752,95.449,0.506,95.254,89.7737,89.67335435
[Se](C(c1ccccc1)=C)c1ccccc1,2.116,431.411,10.51,8.389,10.102,7.36,4.833,6.546,3.204,5.656,0,15,10.225,4.971,2.821,96.809,2.687,96.696,98.0534,98.02713802
[Se](CCCC)C,2.339,15.9,4.828,4.53,6.243,2.914,2.404,5.328,1.346,3.414,0,6,6.519,5.519,4.519,46.48,1.957,45.864,9.7958,9.998406897
[Se](CCO)CCO,2.447,28.871,5.536,4.131,5.844,3.414,2.21,4.632,1.06,3.629,13.214,7,7.439,6.439,6.439,49.703,-0.488,49.022,12.2541,12.3540462
[Se](c1ccccc1)CCCl,2.427,173.872,7.234,5.587,8.056,4.932,3.171,5.773,1.85,4.68,0,10,8.129,4.786,2.742,72.745,1.673,72.551,43.4501,43.43854364
[Se](c1ccc(C#N)cc1)c1ccc(C#N)cc1,2.145,530.605,12.088,8.921,10.635,8.313,4.998,6.711,3.374,5.781,14.957,17,11.426,5.323,2.953,106.284,1.085,106.201,118.8478,118.9473087
[Se-2].[NH4+].[NH4+],0,2.755,0,2.408,4.121,0,0,0,0,0,29.37,3,105.976,26.172,2.439,30.236,0.372,0,3.5747,3.674396313
[Fe+3].P([O-])([O-])([O-])=O.P([O-])([O-])([O-])=O.[Li+].[Li+].[Li+],0,134.896,9,7.514,10.407,4,1.461,4.382,0.894,2.683,73.65,14,35.955,15.532,415.145,126.733,-14.64,73.65,37.8883,37.98801944
[Se](c1ncccc1)c1ncccc1,2.161,323.699,8.933,6.921,8.635,6.449,3.949,5.662,2.438,4.621,14.957,13,8.419,4.169,2.376,83.208,0.132,82.901,74.7217,74.62117256
[Se](Cc1ccc([N+]([O-])=O)cc1)c1ccccc1,1.979,496.588,12.088,9.075,10.788,8.254,5.167,7.235,3.525,5.726,10.611,17,11.834,5.617,3.411,105.787,2.125,105.624,112.1659,112.2656762
[Se](C(F)(F)F)C,3.168,38.548,5.207,3.042,4.755,2.561,1.179,3.749,0.65,2.478,0,6,6.309,1.846,4.309,39.881,1.259,39.025,13.1828,13.40490379
[Se](CCC)C,2.191,11.119,4.121,3.822,5.536,2.414,1.904,4.828,0.993,3.061,0,5,5.519,4.519,4.519,40.115,1.567,39.443,7.976,8.12156088
[Se-2].[Se-2].[GeH8+4],0,2.755,0,0.817,4.243,0,0,0,0,0,51.734,3,23.493,9.542,3.582,51.657,-3.284,17.597,2.9993,2.89879587
[Se](C=C=C)C=C=C,3.33,107.115,5.536,3.977,5.69,3.414,1.756,3.734,0.78,2.34,0,7,6.559,5.559,5.559,50.086,1.288,49.526,27.8526,27.66533444
